,country,year,cf_tot_domestic,cf_tot_usaid,cf_tot_gf,cf_lab,cf_tot_grnt,cf_tot_sources,budget_lab,budget_tot,budget_gap
0,Afghanistan,2018,533779.0,4462530.0,3178499.0,2473391.0,2523675.0,10698483.0,2543262.0,10881354.0,182871.0
1,Afghanistan,2019,511854.0,2766449.0,6533095.0,2208668.0,3608394.0,13419792.0,2797414.0,16957452.0,3537660.0
2,Afghanistan,2020,1171864.0,3000000.0,6935551.0,3188713.0,6871009.0,17978424.0,3200000.0,19137128.0,1158704.0
3,Afghanistan,2021,,,7638546.0,1696418.0,2995053.0,10633599.0,1696418.0,10633599.0,0.0
4,Afghanistan,2022,269339.0,1555946.0,6876137.0,715071.0,1898528.0,10599950.0,515246.0,14141821.0,3541871.0
5,Afghanistan,2023,,2122000.0,10972004.0,3708900.0,3954213.0,17048217.0,4000000.0,23551821.0,6503604.0
6,Afghanistan,2024,116282.0,1425750.0,9632452.0,3637848.0,60715.0,11235199.0,8670098.0,32501339.0,21266140.0
7,Albania,2018,,,,,,,,0.0,
9,Albania,2020,,,,,,,,791588.0,
10,Albania,2021,,,,,,,,837539.0,
11,Albania,2022,,,,,,,,978092.0,
12,Albania,2023,,,,,,,,1203000.0,
13,Albania,2024,,,,,,,,1064348.0,
21,American Samoa,2018,,,,,,,,4000.0,
22,American Samoa,2019,,,,,,,,100000.0,
24,American Samoa,2021,,,,,,,,0.0,
28,Andorra,2018,,,,,,,,17000.0,
29,Andorra,2019,,,,,,,,15000.0,
30,Andorra,2020,,,,,,,,6000.0,
31,Andorra,2021,,,,,,,,6000.0,
32,Andorra,2022,,,,,,,,6284.0,
35,Angola,2018,3293147.0,0.0,4972863.0,500000.0,689553.0,8955563.0,1526820.0,45881526.0,36925963.0
36,Angola,2019,13692478.0,0.0,2416285.0,7216284.0,4000000.0,20108763.0,17133500.0,66503196.0,46394433.0
37,Angola,2020,17672192.0,0.0,1897542.0,742078.0,737293.0,20307027.0,742078.0,20307027.0,0.0
38,Angola,2021,6041429.0,,4213441.0,2100360.0,,10254870.0,16412210.0,29384514.0,19129644.0
39,Angola,2022,10831930.0,,4213441.0,2500360.0,,15045371.0,16412210.0,33946496.0,18901125.0
40,Angola,2023,7902038.0,0.0,2844511.0,1272581.0,0.0,10746549.0,1641221.0,20382058.0,9635509.0
41,Angola,2024,17123125.0,0.0,1912426.0,2500360.0,0.0,19035551.0,2500360.0,19035551.0,0.0
54,Antigua and Barbuda,2023,,,,,,,,10000.0,
56,Argentina,2018,5189232.0,0.0,0.0,263032.0,0.0,5189232.0,263032.0,5189232.0,0.0
57,Argentina,2019,2510552.0,0.0,0.0,263032.0,0.0,2510552.0,263032.0,2510552.0,0.0
58,Argentina,2020,1320638.0,0.0,0.0,129378.0,0.0,1320638.0,129378.0,1320638.0,0.0
59,Argentina,2021,1086705.0,0.0,0.0,146665.0,0.0,1086705.0,146665.0,1086705.0,0.0
60,Argentina,2022,1809798.0,,,464568.0,,1809798.0,464568.0,1809798.0,0.0
61,Argentina,2023,2782160.0,0.0,0.0,768150.0,0.0,2782160.0,768150.0,2782160.0,0.0
62,Argentina,2024,1613085.0,,,267753.0,,1613085.0,267753.0,1613085.0,0.0
63,Armenia,2018,2520982.0,0.0,4307786.0,422187.0,0.0,6828768.0,422187.0,6828768.0,0.0
64,Armenia,2019,74089.0,0.0,1130669.0,164346.0,0.0,1204758.0,164346.0,1204758.0,0.0
65,Armenia,2020,3331208.0,,1805341.0,633011.0,,5136549.0,633011.0,5136549.0,0.0
66,Armenia,2021,2059940.0,,1288276.0,690187.0,,3348216.0,690187.0,4288204.0,939988.0
67,Armenia,2022,1923417.0,,1319868.0,333514.0,,3243285.0,333514.0,3243285.0,0.0
68,Armenia,2023,,,,,,,480224.0,740365.0,
69,Armenia,2024,2285933.0,,711567.0,151241.0,,2997500.0,151241.0,2997500.0,0.0
92,Azerbaijan,2019,16487435.0,,4397794.0,896894.0,,20885229.0,896894.0,22024660.0,1139431.0
93,Azerbaijan,2020,14455282.0,,2878142.0,753947.0,,17333424.0,753947.0,17333424.0,0.0
94,Azerbaijan,2021,11086889.0,,3525398.0,1332264.0,,14612287.0,1332264.0,14612287.0,0.0
96,Azerbaijan,2023,15450784.0,,2126014.0,1365006.0,,17576798.0,1365006.0,17576798.0,0.0
97,Azerbaijan,2024,18628000.0,,2200000.0,692000.0,,20828000.0,692000.0,20828000.0,0.0
112,Bangladesh,2018,9498160.0,0.0,36651484.0,8004443.0,0.0,46149644.0,22368855.0,66440743.0,20291099.0
113,Bangladesh,2019,18153743.0,12981354.0,36966056.0,12753612.0,0.0,68101153.0,32123255.0,79703153.0,11602000.0
114,Bangladesh,2020,31284925.0,13500000.0,58400862.0,27344810.0,0.0,103185787.0,28849329.0,135285330.0,32099543.0
115,Bangladesh,2021,55686165.0,130717.0,39263464.0,32188489.0,0.0,95080346.0,49661669.0,157112276.0,62031930.0
116,Bangladesh,2022,73820623.0,21000000.0,55830653.0,36830781.0,0.0,150651276.0,46045848.0,154757295.0,4106019.0
117,Bangladesh,2023,77460666.0,20374000.0,57968748.0,36617025.0,0.0,155803414.0,70266408.0,204331958.0,48528544.0
118,Bangladesh,2024,36696467.0,22000000.0,11324499.0,4721151.0,0.0,70020966.0,47622621.0,365484791.0,295463825.0
119,Barbados,2018,,,,,,,,0.0,
120,Barbados,2019,,,,,,,,0.0,
121,Barbados,2020,,,,,,,,0.0,
122,Barbados,2021,,,,,,,,0.0,
123,Barbados,2022,,,,,,,,0.0,
125,Barbados,2024,,,,,,,,0.0,
126,Belarus,2018,4457692.0,,3106394.0,1378674.0,774396.0,8338482.0,1378674.0,11178135.0,2839653.0
127,Belarus,2019,4253882.0,0.0,4148972.0,1901223.0,1239941.0,9642795.0,1901223.0,9642795.0,0.0
128,Belarus,2020,67114272.0,0.0,6650113.0,1498694.0,441056.0,74205441.0,1498694.0,74205441.0,0.0
129,Belarus,2021,67920001.0,0.0,2185789.0,2174613.0,,70105790.0,2174613.0,70105790.0,0.0
140,Belize,2018,33655.0,0.0,466794.0,53900.0,0.0,500449.0,53900.0,500449.0,0.0
141,Belize,2019,101000.0,0.0,166665.0,15750.0,0.0,267665.0,53900.0,500449.0,232784.0
142,Belize,2020,252203.0,0.0,144646.0,53900.0,0.0,396849.0,53900.0,396849.0,0.0
143,Belize,2021,101000.0,0.0,162631.0,53900.0,0.0,263631.0,53900.0,540683.0,277052.0
144,Belize,2022,106000.0,0.0,162631.0,53900.0,0.0,268631.0,53900.0,540683.0,272052.0
146,Belize,2024,438169.0,0.0,0.0,53900.0,0.0,438169.0,53900.0,438169.0,0.0
147,Benin,2018,350893.0,0.0,2913700.0,579090.0,0.0,3264593.0,606750.0,4466757.0,1202164.0
148,Benin,2019,250788.0,0.0,2081757.0,540007.0,33439.0,2365984.0,587082.0,3611259.0,1245275.0
149,Benin,2020,204523.0,0.0,2091489.0,497542.0,0.0,2296012.0,686700.0,2862601.0,566589.0
150,Benin,2021,399875.0,0.0,2614080.0,538990.0,0.0,3013955.0,645622.0,3291954.0,277999.0
151,Benin,2022,584002.0,0.0,2707431.0,1073594.0,0.0,3291433.0,1103900.0,3657148.0,365715.0
152,Benin,2023,650958.0,0.0,2865244.0,1234453.0,0.0,3516202.0,1234453.0,3784862.0,268660.0
153,Benin,2024,830072.0,0.0,3438964.0,1424301.0,0.0,4269036.0,3917649.0,13300016.0,9030980.0
161,Bhutan,2018,608335.0,,478874.0,194400.0,,1087209.0,602850.0,1699811.0,612602.0
162,Bhutan,2019,12857.0,0.0,381263.0,54200.0,14757.0,408877.0,167450.0,792118.0,383241.0
163,Bhutan,2020,20000.0,0.0,316237.0,101040.0,0.0,336237.0,205000.0,708787.0,372550.0
164,Bhutan,2021,60000.0,0.0,505861.0,235227.0,50000.0,615861.0,267600.0,786720.0,170859.0
165,Bhutan,2022,115861.0,0.0,680833.0,123540.0,90000.0,886694.0,193737.0,2499857.0,1613163.0
166,Bhutan,2023,68000.0,0.0,664678.0,278900.0,51234.0,783912.0,346684.0,1654179.0,870267.0
167,Bhutan,2024,68000.0,0.0,679138.0,329377.0,201407.0,948545.0,749800.0,1739650.0,791105.0
168,Bolivia (Plurinational State of),2018,1113122.0,0.0,5273632.0,2702506.0,0.0,6386754.0,2702506.0,6386754.0,0.0
169,Bolivia (Plurinational State of),2019,1861700.0,0.0,5002454.0,3042127.0,0.0,6864154.0,3042127.0,6864154.0,0.0
170,Bolivia (Plurinational State of),2020,1814699.0,0.0,1621341.0,541083.0,0.0,3436040.0,,,
171,Bolivia (Plurinational State of),2021,1810344.0,0.0,2291173.0,693592.0,0.0,4101517.0,693592.0,4101517.0,0.0
173,Bolivia (Plurinational State of),2023,1650416.0,0.0,1555577.0,908673.0,0.0,3205993.0,908673.0,3205993.0,0.0
174,Bolivia (Plurinational State of),2024,1654100.0,0.0,1125177.0,524579.0,0.0,2779277.0,524579.0,2779277.0,0.0
175,Bosnia and Herzegovina,2018,7976671.0,,,3196979.0,,7976671.0,3196979.0,7976671.0,0.0
176,Bosnia and Herzegovina,2019,2997555.0,0.0,1760.0,568307.0,0.0,2999315.0,568307.0,2999315.0,0.0
177,Bosnia and Herzegovina,2020,71552.0,,,,,71552.0,,71552.0,0.0
178,Bosnia and Herzegovina,2021,73239.0,,,,,73239.0,,73239.0,0.0
179,Bosnia and Herzegovina,2022,43857.0,,,,,43857.0,,43857.0,0.0
180,Bosnia and Herzegovina,2023,73447.0,,,,,73447.0,,73447.0,0.0
182,Botswana,2018,5838455.0,500000.0,1900000.0,2197214.0,0.0,8238455.0,2197214.0,12571894.0,4333439.0
183,Botswana,2019,5069849.0,300000.0,600000.0,471319.0,100000.0,6069849.0,1168144.0,8458634.0,2388785.0
184,Botswana,2020,11548220.0,0.0,2000000.0,61000.0,500000.0,14048220.0,87000.0,16203600.0,2155380.0
186,Botswana,2022,6500000.0,100000.0,300000.0,1927000.0,600000.0,7500000.0,2201605.0,13374605.0,5874605.0
189,Brazil,2018,47987348.0,0.0,0.0,5339198.0,0.0,47987348.0,5500000.0,56670687.0,8683339.0
190,Brazil,2019,38052385.0,,,7142388.0,117000.0,38169385.0,7142388.0,38169385.0,0.0
191,Brazil,2020,34157348.0,0.0,0.0,6774730.0,22000.0,34179348.0,6774730.0,34179348.0,0.0
192,Brazil,2021,27602345.0,0.0,0.0,4087862.0,17000.0,27619345.0,4087862.0,27619345.0,0.0
193,Brazil,2022,33969698.0,0.0,0.0,5302933.0,17000.0,33986698.0,5302933.0,33986698.0,0.0
194,Brazil,2023,42868429.0,0.0,0.0,8501887.0,15000.0,42883429.0,8501887.0,42883429.0,0.0
195,Brazil,2024,62826153.0,0.0,0.0,19433785.0,0.0,62826153.0,19433785.0,62826153.0,0.0
202,British Virgin Islands,2024,,,,,,,,0.0,
210,Bulgaria,2018,7449884.0,0.0,1385133.0,75077.0,0.0,8835017.0,75077.0,8835017.0,0.0
211,Bulgaria,2019,7655138.0,0.0,0.0,347747.0,0.0,7655138.0,347747.0,7655138.0,0.0
212,Bulgaria,2020,8408528.0,0.0,0.0,428792.0,0.0,8408528.0,428792.0,8408528.0,0.0
213,Bulgaria,2021,4950315.0,0.0,0.0,410061.0,0.0,4950315.0,410061.0,4950315.0,0.0
214,Bulgaria,2022,3408703.0,0.0,0.0,347000.0,0.0,3408703.0,347000.0,3408703.0,0.0
215,Bulgaria,2023,586577.0,0.0,0.0,187612.0,0.0,586577.0,187612.0,586577.0,0.0
216,Bulgaria,2024,9683034.0,0.0,0.0,368132.0,0.0,9683034.0,368132.0,9683034.0,0.0
217,Burkina Faso,2018,521867.0,0.0,4100179.0,916392.0,5800.0,4627846.0,1886405.0,8681858.0,4054012.0
218,Burkina Faso,2019,303318.0,,3265101.0,2069078.0,,3568419.0,2313821.0,10745507.0,7177088.0
219,Burkina Faso,2020,148138.0,,1213172.0,368407.0,45429.0,1406739.0,1376258.0,6552043.0,5145304.0
220,Burkina Faso,2021,160000.0,0.0,1563944.0,63100.0,0.0,1723944.0,1241134.0,4785799.0,3061855.0
221,Burkina Faso,2022,95137.0,,1795035.0,0.0,,1890172.0,1878208.0,8299840.0,6409668.0
222,Burkina Faso,2023,22149.0,,3697305.0,1752250.0,,3719454.0,1752250.0,3719454.0,0.0
223,Burkina Faso,2024,97221.0,0.0,2812520.0,1823709.0,0.0,2909741.0,1823709.0,3206896.0,297155.0
225,Burundi,2019,73099.0,0.0,622730.0,,0.0,695829.0,383038.0,5197476.0,4501647.0
226,Burundi,2020,368946.0,0.0,610245.0,351086.0,673692.0,1652883.0,1696155.0,5584726.0,3931843.0
227,Burundi,2021,361478.0,0.0,1021786.0,746894.0,379390.0,1762654.0,5214176.0,9744663.0,7982009.0
228,Burundi,2022,339802.0,0.0,1488356.0,803348.0,240860.0,2069018.0,2583221.0,10434345.0,8365327.0
229,Burundi,2023,319674.0,0.0,545306.0,724906.0,1263647.0,2128627.0,724906.0,4980201.0,2851574.0
230,Burundi,2024,244417.0,0.0,1824730.0,1021507.0,259994.0,2329141.0,1021507.0,12053306.0,9724165.0
231,Cabo Verde,2018,66200.0,0.0,20000.0,11000.0,,86200.0,11000.0,86200.0,0.0
232,Cabo Verde,2019,77000.0,0.0,11600.0,20000.0,0.0,88600.0,20000.0,88600.0,0.0
233,Cabo Verde,2020,63600.0,0.0,24500.0,11000.0,0.0,88100.0,11000.0,88100.0,0.0
234,Cabo Verde,2021,65300.0,,21000.0,11000.0,,86300.0,11000.0,86300.0,0.0
235,Cabo Verde,2022,59100.0,0.0,18000.0,11000.0,,77100.0,11000.0,77100.0,0.0
236,Cabo Verde,2023,47860.0,0.0,18000.0,11000.0,0.0,65860.0,11000.0,65860.0,0.0
237,Cabo Verde,2024,47860.0,0.0,18000.0,11000.0,0.0,65860.0,11000.0,65860.0,0.0
238,Cambodia,2018,4559546.0,1700000.0,4979168.0,1594549.0,2050000.0,13288714.0,3658217.0,36954109.0,23665395.0
239,Cambodia,2019,5184850.0,1000000.0,5000000.0,1420931.0,1230000.0,12414850.0,3000000.0,31062682.0,18647832.0
240,Cambodia,2020,6247179.0,600000.0,8330839.0,1702882.0,1600000.0,16778018.0,4472988.0,33131560.0,16353542.0
241,Cambodia,2021,6300000.0,1500000.0,7892639.0,2000000.0,1748000.0,17440639.0,4400000.0,34450000.0,17009361.0
242,Cambodia,2022,6000000.0,1700000.0,12000000.0,2000000.0,800000.0,20500000.0,4800000.0,36115000.0,15615000.0
243,Cambodia,2023,6500000.0,4000000.0,7000000.0,1500000.0,1330000.0,18830000.0,4400000.0,35290000.0,16460000.0
244,Cambodia,2024,5800000.0,6000000.0,6000000.0,1500000.0,1000000.0,18800000.0,4500000.0,35500000.0,16700000.0
245,Cameroon,2018,1452071.0,0.0,2755188.0,346870.0,,4207259.0,1323630.0,10285521.0,6078262.0
246,Cameroon,2019,784514.0,,3535813.0,851500.0,,4320327.0,2270828.0,10113584.0,5793257.0
247,Cameroon,2020,662073.0,0.0,3229508.0,818295.0,82759.0,3974340.0,1819345.0,10530403.0,6556063.0
248,Cameroon,2021,567836.0,,6042092.0,1203941.0,1050000.0,7659928.0,1203941.0,7659928.0,0.0
249,Cameroon,2022,1438513.0,0.0,5728830.0,981678.0,1200000.0,8367343.0,981678.0,8367343.0,0.0
250,Cameroon,2023,2407407.0,,5533741.0,2185206.0,0.0,7941148.0,2622247.0,13071182.0,5130034.0
251,Cameroon,2024,4363633.0,908000.0,3380700.0,3228555.0,0.0,8652333.0,3228555.0,8652333.0,0.0
266,Central African Republic,2018,272484.0,,1012868.0,209160.0,,1285352.0,219973.0,1903352.0,618000.0
267,Central African Republic,2019,772672.0,60000.0,1036438.0,495430.0,80000.0,1949110.0,495430.0,2859557.0,910447.0
268,Central African Republic,2020,772672.0,200000.0,1367434.0,495430.0,80000.0,2420106.0,495430.0,3330553.0,910447.0
269,Central African Republic,2021,1209240.0,47945.0,2410763.0,661812.0,26716.0,3694664.0,558510.0,3754547.0,59883.0
270,Central African Republic,2022,732626.0,39817.0,2389006.0,428139.0,23892.0,3185341.0,471563.0,4441685.0,1256344.0
271,Central African Republic,2023,732626.0,39817.0,2389006.0,428139.0,23892.0,3185341.0,471563.0,4127559.0,942218.0
272,Central African Republic,2024,362321.0,39817.0,9150425.0,858139.0,23892.0,9576455.0,861563.0,10593847.0,1017392.0
273,Chad,2018,,,2020614.0,48235.0,,2020614.0,94783.0,2971725.0,951111.0
274,Chad,2019,357142.0,0.0,1732076.0,660238.0,0.0,2089218.0,1038826.0,4835018.0,2745800.0
275,Chad,2020,400000.0,0.0,1560067.0,354264.0,30000.0,1990067.0,1532420.0,4561492.0,2571425.0
276,Chad,2021,525840.0,0.0,1641894.0,810402.0,207407.0,2375141.0,1564250.0,4859473.0,2484332.0
277,Chad,2022,,0.0,,,0.0,0.0,,,
278,Chad,2023,643307.0,0.0,4162665.0,1842368.0,0.0,4805972.0,3450010.0,8087529.0,3281557.0
279,Chad,2024,518561.0,0.0,3630839.0,761012.0,0.0,4149400.0,1051894.0,5863792.0,1714392.0
280,Chile,2018,250000.0,,,,,250000.0,,3000000.0,2750000.0
281,Chile,2019,250000.0,0.0,0.0,,0.0,250000.0,,4300000.0,4050000.0
282,Chile,2020,60000.0,0.0,0.0,,0.0,60000.0,,4460000.0,4400000.0
283,Chile,2021,,,,,,,,3144022.0,
284,Chile,2022,,,,,,,,2759000.0,
285,Chile,2023,,,,,,,,5392000.0,
286,Chile,2024,,,,,,,,5392000.0,
287,China,2018,527810103.0,,,11047619.0,13212438.0,541022541.0,11047619.0,608597837.0,67575296.0
288,China,2019,664180563.0,0.0,0.0,33671641.0,6837963.0,671018526.0,33671641.0,718815776.0,47797250.0
289,China,2020,884489066.0,,,37971831.0,352113.0,884841179.0,37971831.0,994064212.0,109223033.0
290,China,2021,792175512.0,,,3875000.0,190565.0,792366077.0,3875000.0,901144676.0,108778599.0
291,China,2022,862153599.0,,,4485981.0,,862153599.0,4485981.0,952432599.0,90279000.0
292,China,2023,841490812.0,0.0,0.0,12724638.0,106574.0,841597386.0,12724638.0,925597386.0,84000000.0
293,China,2024,849347747.0,0.0,0.0,14888889.0,937500.0,850285247.0,14888889.0,941245207.0,90959960.0
295,"China, Hong Kong SAR",2019,,,,,,,,47000000.0,
308,Colombia,2018,3741000.0,0.0,0.0,83000.0,0.0,3741000.0,167000.0,12100000.0,8359000.0
309,Colombia,2019,4184919.0,,,227087.0,,4184919.0,227087.0,4653190.0,468271.0
310,Colombia,2020,6176700.0,0.0,0.0,325000.0,0.0,6176700.0,325000.0,6276700.0,100000.0
311,Colombia,2021,3631600.0,0.0,0.0,300000.0,0.0,3631600.0,400000.0,4248600.0,617000.0
312,Colombia,2022,5073584.0,0.0,400000.0,400000.0,0.0,5473584.0,400000.0,5473584.0,0.0
313,Colombia,2023,6533898.0,0.0,0.0,500000.0,0.0,6533898.0,500000.0,6533898.0,0.0
314,Colombia,2024,6845885.0,0.0,0.0,100500.0,0.0,6845885.0,100500.0,6845885.0,0.0
315,Comoros,2018,,,,,,,,540000.0,
316,Comoros,2019,,,,,,,,445979.0,
319,Comoros,2022,,,,,,,,250452.0,
321,Comoros,2024,,,,,,,,408625.0,
322,Congo,2018,1091802.0,0.0,434512.0,101806.0,0.0,1526314.0,101806.0,1526314.0,0.0
323,Congo,2019,52324.0,0.0,870356.0,101507.0,0.0,922680.0,101507.0,922680.0,0.0
324,Congo,2020,94912.0,0.0,5966084.0,1818800.0,0.0,6060996.0,2184237.0,6544510.0,483514.0
325,Congo,2021,1045318.0,,776003.0,954458.0,,1821321.0,954458.0,1821321.0,0.0
326,Congo,2022,2813795.0,0.0,338084.0,835815.0,0.0,3151879.0,835815.0,3151879.0,0.0
327,Congo,2023,3137108.0,0.0,1144684.0,986791.0,0.0,4281792.0,986791.0,4281792.0,0.0
328,Congo,2024,854404.0,0.0,1908765.0,761675.0,0.0,2763169.0,761675.0,2763169.0,0.0
329,Cook Islands,2018,,,,,,,,25896.0,
330,Cook Islands,2019,,,,,,,,29982.0,
333,Cook Islands,2022,,,,,,,,20000.0,
334,Cook Islands,2023,,,,,,,,15000.0,
335,Cook Islands,2024,,,,,,,,20000.0,
336,Costa Rica,2018,,,,,,,,0.0,
337,Costa Rica,2019,,,,,,,,0.0,
342,Costa Rica,2024,69050.0,,,,,69050.0,,69050.0,0.0
343,Côte d'Ivoire,2018,362482.0,0.0,3671133.0,513193.0,186392.0,4220007.0,992290.0,18499607.0,14279600.0
344,Côte d'Ivoire,2019,3490092.0,0.0,2698861.0,990674.0,611418.0,6800371.0,3230387.0,22545267.0,15744896.0
345,Côte d'Ivoire,2020,2744127.0,0.0,2643389.0,892066.0,241625.0,5629141.0,3280489.0,23242973.0,17613832.0
346,Côte d'Ivoire,2021,3366944.0,0.0,4538750.0,1745234.0,123588.0,8029282.0,10548959.0,45892654.0,37863372.0
347,Côte d'Ivoire,2022,5861273.0,0.0,5718268.0,1668971.0,130210.0,11709751.0,3143643.0,25423268.0,13713517.0
348,Côte d'Ivoire,2023,10716931.0,0.0,4830901.0,1409970.0,82655.0,15630487.0,3243489.0,26032123.0,10401636.0
349,Côte d'Ivoire,2024,1680800.0,0.0,4317430.0,589923.0,193604.0,6191834.0,2928433.0,23108507.0,16916673.0
357,Cuba,2018,,,,,,,,1076336.0,
358,Cuba,2019,,,,,,,,1076336.0,
359,Cuba,2020,,,,,,,,1130000.0,
385,Democratic People's Republic of Korea,2018,5721900.0,0.0,268837.0,108700.0,639600.0,6630337.0,3689221.0,83839053.0,77208716.0
386,Democratic People's Republic of Korea,2019,5865100.0,0.0,4018900.0,438700.0,2732200.0,12616200.0,4194415.0,49547887.0,36931687.0
387,Democratic People's Republic of Korea,2020,6009200.0,0.0,14730153.0,2371445.0,4407440.0,25146793.0,3743870.0,49129864.0,23983071.0
388,Democratic People's Republic of Korea,2021,6102100.0,0.0,8397348.0,1304737.0,0.0,14499448.0,1304737.0,46549372.0,32049924.0
389,Democratic People's Republic of Korea,2022,6030327.0,0.0,1783064.0,115900.0,0.0,7813391.0,1304737.0,46549372.0,38735981.0
392,Democratic Republic of the Congo,2018,1500045.0,4601139.0,25666879.0,3973483.0,5775096.0,37543159.0,7098269.0,74327407.0,36784248.0
393,Democratic Republic of the Congo,2019,1711405.0,2242963.0,16431571.0,1466023.0,5858316.0,26244255.0,6304718.0,44485626.0,18241371.0
394,Democratic Republic of the Congo,2020,847298.0,2242963.0,17535177.0,1975234.0,4751817.0,25377255.0,5103703.0,41278714.0,15901459.0
395,Democratic Republic of the Congo,2021,719985.0,4120000.0,29390839.0,11146344.0,773654.0,35004478.0,11873032.0,57194960.0,22190482.0
396,Democratic Republic of the Congo,2022,2399109.0,10500000.0,20243326.0,2320312.0,4751817.0,37894252.0,5668945.0,71208304.0,33314052.0
397,Democratic Republic of the Congo,2023,2448479.0,16000000.0,24082869.0,3813343.0,2587555.0,45118903.0,4758277.0,67978555.0,22859652.0
398,Democratic Republic of the Congo,2024,2008478.0,7690345.0,35063827.0,4103636.0,355562.0,45118212.0,6185760.0,74913459.0,29795247.0
406,Djibouti,2018,,,470570.0,225491.0,,470570.0,225491.0,470570.0,0.0
407,Djibouti,2019,,50000.0,476867.0,0.0,,526867.0,185000.0,1281590.0,754723.0
408,Djibouti,2020,,,718017.0,156685.0,,718017.0,459365.0,1188142.0,470125.0
420,Dominican Republic,2018,16628094.0,80000.0,4742113.0,481437.0,0.0,21450207.0,981437.0,25550207.0,4100000.0
421,Dominican Republic,2019,18978288.0,0.0,2282650.0,1256566.0,0.0,21260938.0,1500000.0,33380161.0,12119223.0
422,Dominican Republic,2020,18558031.0,0.0,2542680.0,1256566.0,0.0,21100711.0,1500000.0,35623776.0,14523065.0
423,Dominican Republic,2021,25979882.0,42000.0,500000.0,1256566.0,0.0,26521882.0,1500000.0,36167724.0,9645842.0
424,Dominican Republic,2022,3233931.0,0.0,1071648.0,2016573.0,56282.0,4361861.0,2016573.0,4362712.0,851.0
425,Dominican Republic,2023,21197131.0,0.0,0.0,1256566.0,1264920.0,22462051.0,1525000.0,30575016.0,8112965.0
426,Dominican Republic,2024,22568051.0,0.0,0.0,1266566.0,0.0,22568051.0,1535000.0,30674016.0,8105965.0
427,Ecuador,2018,481322.0,,,96381.0,,481322.0,356882.0,1077011.0,595689.0
428,Ecuador,2019,979714.0,0.0,0.0,105098.0,0.0,979714.0,105098.0,979714.0,0.0
429,Ecuador,2020,826078.0,0.0,0.0,,0.0,826078.0,,826078.0,0.0
430,Ecuador,2021,592095.0,0.0,0.0,0.0,0.0,592095.0,0.0,592095.0,0.0
431,Ecuador,2022,758730.0,0.0,0.0,158519.0,0.0,758730.0,158519.0,758730.0,0.0
432,Ecuador,2023,1842735.0,0.0,0.0,1177010.0,0.0,1842735.0,1177010.0,1842735.0,0.0
433,Ecuador,2024,4593886.0,0.0,30000.0,3906126.0,0.0,4623886.0,3906126.0,4623886.0,0.0
438,Egypt,2022,7500000.0,0.0,500000.0,,0.0,8000000.0,,872959.0,-7127041.0
439,Egypt,2023,1237000.0,,50000.0,750000.0,2030000.0,3317000.0,1000000.0,3567000.0,250000.0
440,Egypt,2024,1124575.0,0.0,1000000.0,1200000.0,2000000.0,4124575.0,1000000.0,3420835.0,-703740.0
441,El Salvador,2018,1465145.0,0.0,4426305.0,1048398.0,10000.0,5901450.0,1048398.0,5901450.0,0.0
442,El Salvador,2019,10110865.0,,1696893.0,376900.0,,11807758.0,376900.0,11807758.0,0.0
443,El Salvador,2020,8788385.0,0.0,2120806.0,884564.0,0.0,10909191.0,884564.0,10909191.0,0.0
444,El Salvador,2021,5228929.0,0.0,1672805.0,869525.0,0.0,6901734.0,869525.0,6901734.0,0.0
445,El Salvador,2022,8016012.0,0.0,1667967.0,3160372.0,0.0,9683979.0,3160372.0,9683979.0,0.0
446,El Salvador,2023,8290873.0,0.0,1708686.0,2627863.0,0.0,9999559.0,2627863.0,9999559.0,0.0
447,El Salvador,2024,12160207.0,,2463800.0,5493864.0,223448.0,14847455.0,5493864.0,14847455.0,0.0
449,Equatorial Guinea,2019,329000.0,,,101000.0,,329000.0,101000.0,329000.0,0.0
450,Equatorial Guinea,2020,283000.0,0.0,0.0,50000.0,120880.0,403880.0,650000.0,1392880.0,989000.0
451,Equatorial Guinea,2021,782458.0,0.0,0.0,474027.0,239363.0,1021821.0,482952.0,1512621.0,490800.0
452,Equatorial Guinea,2022,624308.0,0.0,0.0,264901.0,150000.0,774308.0,400000.0,1105400.0,331092.0
453,Equatorial Guinea,2023,747851.0,0.0,0.0,256385.0,260000.0,1007851.0,256385.0,1007851.0,0.0
454,Equatorial Guinea,2024,420000.0,0.0,0.0,45500.0,61500.0,481500.0,455000.0,961000.0,479500.0
455,Eritrea,2018,20000.0,0.0,1404440.0,497684.0,10000.0,1434440.0,497684.0,1434440.0,0.0
456,Eritrea,2019,,,1404488.0,491096.0,,1404488.0,491096.0,1404488.0,0.0
457,Eritrea,2020,,,1597303.0,560545.0,,1597303.0,641481.0,4154298.0,2556995.0
458,Eritrea,2021,,,1597303.0,710939.0,,1597303.0,1987694.0,4534086.0,2936783.0
459,Eritrea,2022,0.0,0.0,1900148.0,939124.0,0.0,1900148.0,1987694.0,3765111.0,1864963.0
460,Eritrea,2023,0.0,0.0,1703489.0,839124.0,0.0,1703489.0,1987894.0,3803770.0,2100281.0
461,Eritrea,2024,,0.0,1666054.0,828987.0,0.0,1666054.0,1987894.0,3748933.0,2082879.0
462,Estonia,2018,1200100.0,,,18000.0,,1200100.0,18000.0,1200100.0,0.0
463,Estonia,2019,1034450.0,,,18000.0,,1034450.0,18000.0,1034450.0,0.0
464,Estonia,2020,1108000.0,,,18000.0,,1108000.0,18000.0,1108000.0,0.0
465,Estonia,2021,,,,,,,,194000.0,
466,Estonia,2022,,,,,,,,520000.0,
467,Estonia,2023,,,,,,,,506000.0,
469,Eswatini,2018,1738295.0,,5713115.0,1962385.0,5048358.0,12499768.0,1962385.0,12499768.0,0.0
470,Eswatini,2019,2055370.0,,6548651.0,672330.0,3421350.0,12025371.0,672330.0,12025371.0,0.0
471,Eswatini,2020,3215464.0,,4956028.0,908447.0,4823343.0,12994835.0,908447.0,12994835.0,0.0
472,Eswatini,2021,1326665.0,4507644.0,3627155.0,1487071.0,192367.0,9653831.0,1487071.0,10413562.0,759731.0
473,Eswatini,2022,1245367.0,4674322.0,5364093.0,1052592.0,568456.0,11852238.0,1052592.0,11852238.0,0.0
474,Eswatini,2023,1103582.0,2853739.0,7650168.0,1499962.0,599490.0,12206979.0,1499962.0,12206979.0,0.0
475,Eswatini,2024,1316858.0,3036896.0,4868235.0,850379.0,3989585.0,13211574.0,850379.0,13211574.0,0.0
476,Ethiopia,2018,10190096.0,10706629.0,16793726.0,9494709.0,2839773.0,40530224.0,19753571.0,92637236.0,52107012.0
477,Ethiopia,2019,10319329.0,11447314.0,13388780.0,6760166.0,2784812.0,37940235.0,20004089.0,93812075.0,55871840.0
478,Ethiopia,2020,9303503.0,12349000.0,13057257.0,6185031.0,2943842.0,37653602.0,18151558.0,85124360.0,47470758.0
479,Ethiopia,2021,13257323.0,12500000.0,19894539.0,6772773.0,2426553.0,48078415.0,23347619.0,113310460.0,65232045.0
480,Ethiopia,2022,14601066.0,12800000.0,19398632.0,21756543.0,4701901.0,51501599.0,24531095.0,124795440.0,73293841.0
481,Ethiopia,2023,15269532.0,19705791.0,20202339.0,15883123.0,2585295.0,57762957.0,26891343.0,130508827.0,72745870.0
482,Ethiopia,2024,14730000.0,19629999.0,18780657.0,26793173.0,6521792.0,59662448.0,34973181.0,149864796.0,90202348.0
483,Fiji,2018,332459.0,0.0,313736.0,300000.0,,646195.0,300000.0,646195.0,0.0
484,Fiji,2019,1030000.0,0.0,0.0,4000.0,25000.0,1055000.0,5000.0,1295500.0,240500.0
485,Fiji,2020,471000.0,,,0.0,10000.0,481000.0,50000.0,583500.0,102500.0
486,Fiji,2021,271000.0,,,0.0,10000.0,281000.0,50000.0,583500.0,302500.0
487,Fiji,2022,652000.0,,,25000.0,30000.0,682000.0,25000.0,612000.0,-70000.0
488,Fiji,2023,800000.0,0.0,200000.0,5000.0,15000.0,1015000.0,26760.0,1110760.0,95760.0
501,France,2022,,,,,,,,64771489.0,
511,Gabon,2018,1905388.0,,2891849.0,482705.0,,4797237.0,940717.0,11253857.0,6456620.0
512,Gabon,2019,1377539.0,,379284.0,136238.0,99091.0,1855914.0,895773.0,2782611.0,926697.0
513,Gabon,2020,975468.0,,459880.0,93821.0,38695.0,1474043.0,97441.0,1574787.0,100744.0
514,Gabon,2021,,,356324.0,,,356324.0,,356324.0,0.0
515,Gabon,2022,161537.0,0.0,1237570.0,205260.0,0.0,1399107.0,769536.0,3378324.0,1979217.0
516,Gabon,2023,1650391.0,0.0,670118.0,205260.0,0.0,2320509.0,769536.0,3378324.0,1057815.0
517,Gabon,2024,220967.0,,1277451.0,742674.0,52404.0,1550822.0,841437.0,2199280.0,648458.0
523,Gambia,2023,18150.0,,1081737.0,212935.0,,1099887.0,212935.0,1218639.0,118752.0
525,Georgia,2018,6236002.0,120276.0,4865885.0,1953686.0,2776941.0,13999104.0,2405040.0,19207261.0,5208157.0
526,Georgia,2019,6225437.0,198800.0,6572395.0,3290682.0,1086577.0,14083209.0,1959554.0,12509449.0,-1573760.0
527,Georgia,2020,5562586.0,0.0,2827470.0,1223092.0,1830390.0,10220446.0,2273371.0,11619412.0,1398966.0
528,Georgia,2021,4970055.0,0.0,3619143.0,1230684.0,1534613.0,10123811.0,2625782.0,11737477.0,1613666.0
529,Georgia,2022,6317742.0,0.0,2924662.0,1362092.0,943443.0,10185847.0,2654513.0,11423652.0,1237805.0
539,Ghana,2018,3755000.0,150000.0,4569381.0,2421658.0,0.0,8474381.0,6980002.0,28983126.0,20508745.0
540,Ghana,2019,2650557.0,150000.0,9268081.0,2857819.0,0.0,12068638.0,3557819.0,20032211.0,7963573.0
541,Ghana,2020,6228637.0,150000.0,7308000.0,3364784.0,0.0,13686637.0,3557819.0,20237786.0,6551149.0
542,Ghana,2021,1037575.0,150000.0,5365473.0,1764536.0,,6553048.0,2488054.0,8259686.0,1706638.0
543,Ghana,2022,1426144.0,150000.0,7724613.0,3732192.0,,9300757.0,5184613.0,11742230.0,2441473.0
544,Ghana,2023,1892675.0,150000.0,6717493.0,1869214.0,0.0,8760168.0,4870422.0,13037675.0,4277507.0
545,Ghana,2024,3226112.0,150000.0,7400000.0,3900186.0,0.0,10776112.0,20912166.0,35884629.0,25108517.0
554,Greenland,2019,,,,,,,,1320000.0,
556,Greenland,2021,,,,,,,,1400000.0,
557,Greenland,2022,,,,,,,,1200000.0,
559,Greenland,2024,,,,,,,,1150000.0,
567,Guam,2018,,,,,,,,1822356.0,
568,Guam,2019,,,,,,,,1413742.0,
569,Guam,2020,,,,,,,,1097324.0,
570,Guam,2021,,,,,,,,1073638.0,
571,Guam,2022,,,,,,,,817226.0,
572,Guam,2023,,,,,,,,1313115.0,
573,Guam,2024,,,,,,,,1530874.0,
574,Guatemala,2018,1316584.0,,1825886.0,228816.0,,3142470.0,710407.0,19361048.0,16218578.0
575,Guatemala,2019,2901638.0,,1391475.0,1259838.0,,4293113.0,594496.0,2901638.0,-1391475.0
576,Guatemala,2020,2868327.0,0.0,1329376.0,1247397.0,0.0,4197703.0,594497.0,3174284.0,-1023419.0
577,Guatemala,2021,2849233.0,0.0,2758506.0,1866796.0,0.0,5607739.0,1866796.0,5607739.0,0.0
578,Guatemala,2022,4586700.0,,2536022.0,3026862.0,,7122722.0,3026862.0,7122722.0,0.0
579,Guatemala,2023,5676922.0,,1463860.0,755843.0,,7140782.0,1013373.0,7678110.0,537328.0
580,Guatemala,2024,9129167.0,,858710.0,300000.0,,9987877.0,755843.0,4536778.0,-5451099.0
581,Guinea,2018,871412.0,0.0,1738138.0,1293514.0,395778.0,3005328.0,2025360.0,3973994.0,968666.0
582,Guinea,2019,991412.0,0.0,1985138.0,1503514.0,502700.0,3479250.0,2305360.0,4401462.0,922212.0
583,Guinea,2020,981193.0,0.0,2738138.0,2305360.0,567389.0,4286720.0,2305360.0,4286720.0,0.0
584,Guinea,2021,481193.0,0.0,1791582.0,85680.0,207029.0,2479804.0,85680.0,2479804.0,0.0
585,Guinea,2022,219427.0,0.0,2481457.0,383824.0,106000.0,2806884.0,383824.0,2806884.0,0.0
586,Guinea,2023,100424.0,0.0,2917323.0,568585.0,150080.0,3167827.0,568585.0,3167827.0,0.0
587,Guinea,2024,125360.0,0.0,2970380.0,568585.0,279565.0,3375305.0,568585.0,3375305.0,0.0
588,Guinea-Bissau,2018,321964.0,0.0,1813564.0,34006.0,2500.0,2138028.0,209341.0,2847014.0,708986.0
589,Guinea-Bissau,2019,171200.0,,2374463.0,134517.0,11350.0,2557013.0,198776.0,2882732.0,325719.0
590,Guinea-Bissau,2020,100000.0,0.0,1534277.0,65740.0,4000.0,1638277.0,271507.0,2124043.0,485766.0
592,Guinea-Bissau,2022,100000.0,0.0,2446864.0,671602.0,0.0,2546864.0,672190.0,18110178.0,15563314.0
593,Guinea-Bissau,2023,100000.0,0.0,1657348.0,1001002.0,0.0,1757348.0,1291843.0,3200337.0,1442989.0
594,Guinea-Bissau,2024,100000.0,0.0,1444681.0,689876.0,0.0,1544681.0,1183634.0,4798343.0,3253662.0
595,Guyana,2018,761055.0,0.0,307736.0,20000.0,0.0,1068791.0,60000.0,1541791.0,473000.0
596,Guyana,2019,851532.0,0.0,314041.0,41495.0,0.0,1165573.0,100000.0,1687295.0,521722.0
597,Guyana,2020,983340.0,0.0,126095.0,27286.0,0.0,1109435.0,40000.0,1258773.0,149338.0
598,Guyana,2021,905216.0,0.0,247952.0,10036.0,0.0,1153168.0,150343.0,1551382.0,398214.0
599,Guyana,2022,1053389.0,0.0,155193.0,53588.0,0.0,1208582.0,119730.0,1832112.0,623530.0
600,Guyana,2023,796559.0,,196007.0,28935.0,20000.0,1012566.0,63045.0,1283817.0,271251.0
601,Guyana,2024,1292372.0,0.0,186302.0,9786.0,0.0,1478674.0,99270.0,2251136.0,772462.0
602,Haiti,2018,1175897.0,,6822933.0,498001.0,557500.0,8556330.0,661052.0,10939238.0,2382908.0
603,Haiti,2019,1175897.0,,8813164.0,1267735.0,143313.0,10132374.0,1760355.0,12501445.0,2369071.0
604,Haiti,2020,481112.0,,10386928.0,822464.0,789487.0,11657527.0,1156286.0,13625935.0,1968408.0
605,Haiti,2021,362729.0,,6159270.0,857458.0,221645.0,6743644.0,1185231.0,10036315.0,3292671.0
606,Haiti,2022,423411.0,,6280320.0,2719641.0,576966.0,7280697.0,2835804.0,11655253.0,4374556.0
607,Haiti,2023,2166289.0,,6742866.0,3013241.0,358500.0,9267655.0,4026127.0,17358788.0,8091133.0
608,Haiti,2024,2166289.0,,5442979.0,3093423.0,,7609268.0,4238304.0,18670910.0,11061642.0
609,Honduras,2018,2703575.0,0.0,2905302.0,2145326.0,112110.0,5720987.0,1103078.0,11017266.0,5296279.0
610,Honduras,2019,2428107.0,0.0,2378551.0,600343.0,113791.0,4920449.0,600343.0,4920449.0,0.0
611,Honduras,2020,2550763.0,0.0,737189.0,287006.0,20000.0,3307952.0,287006.0,3307952.0,0.0
612,Honduras,2021,2163270.0,0.0,1212990.0,444347.0,0.0,3376260.0,444347.0,3376260.0,0.0
613,Honduras,2022,,,739422.0,406380.0,,739422.0,406380.0,739422.0,0.0
614,Honduras,2023,,,,,,,513234.0,956963.0,
615,Honduras,2024,2713414.0,0.0,720697.0,666207.0,0.0,3434111.0,666207.0,3434111.0,0.0
617,Hungary,2019,,,,,,,,2100000.0,
618,Hungary,2020,,,,,,,,2100000.0,
630,India,2018,458064516.0,20000000.0,71441852.0,95306868.0,30000000.0,579506368.0,95306868.0,579506368.0,0.0
631,India,2019,450000000.0,15000000.0,78000000.0,66046460.0,40000000.0,583000000.0,66046460.0,583000000.0,0.0
632,India,2020,420200000.0,19300000.0,53200000.0,53936500.0,4000000.0,496700000.0,53936500.0,496700000.0,0.0
633,India,2021,358185153.0,18984000.0,159648385.0,111755426.0,7441374.0,544258912.0,111755426.0,544258912.0,0.0
634,India,2022,474104881.0,20000000.0,63604944.0,187059953.0,24424411.0,582134236.0,187059953.0,582134236.0,0.0
635,India,2023,543689268.0,20000000.0,73725000.0,239009924.0,33767620.0,671181888.0,239009924.0,671181888.0,0.0
636,India,2024,447803390.0,20000000.0,19563164.0,156169657.0,4200000.0,491566554.0,156169657.0,491566554.0,0.0
637,Indonesia,2018,101565995.0,9112295.0,38499843.0,32908895.0,267630.0,149445763.0,60171533.0,294489425.0,145043662.0
638,Indonesia,2019,109214607.0,13146606.0,30005171.0,28184460.0,4970901.0,157337285.0,86363121.0,366335846.0,208998561.0
639,Indonesia,2020,42077548.0,4557267.0,63827819.0,26981546.0,452860.0,110915494.0,190400185.0,429305458.0,318389964.0
640,Indonesia,2021,102845275.0,9740179.0,63051851.0,57332585.0,0.0,175637305.0,204150835.0,515382378.0,339745073.0
641,Indonesia,2022,70615273.0,11752664.0,94447783.0,59308440.0,871368.0,177687088.0,174771464.0,441724633.0,264037545.0
642,Indonesia,2023,34469879.0,8480702.0,89789884.0,20186282.0,506810.0,133247275.0,181723927.0,497864400.0,364617125.0
643,Indonesia,2024,140709721.0,21032374.0,69932081.0,116262064.0,5876351.0,237550527.0,200301884.0,538892496.0,301341969.0
644,Iran (Islamic Republic of),2018,,,,,,,,5395126.0,
647,Iran (Islamic Republic of),2021,1835571.0,,,,,1835571.0,,1835571.0,0.0
648,Iran (Islamic Republic of),2022,7100000.0,,,,,7100000.0,,7100000.0,0.0
649,Iran (Islamic Republic of),2023,7200000.0,,,,,7200000.0,,7200000.0,0.0
651,Iraq,2018,19920969.0,0.0,1499031.0,250000.0,0.0,21420000.0,1000000.0,23610000.0,2190000.0
652,Iraq,2019,19710000.0,0.0,680000.0,500000.0,0.0,20390000.0,1000000.0,22380000.0,1990000.0
653,Iraq,2020,19710000.0,0.0,650000.0,350000.0,0.0,20360000.0,1000000.0,23028000.0,2668000.0
654,Iraq,2021,19710000.0,0.0,650000.0,350000.0,0.0,20360000.0,1000000.0,23028000.0,2668000.0
655,Iraq,2022,19710000.0,0.0,650000.0,350000.0,0.0,20360000.0,1000000.0,23680000.0,3320000.0
656,Iraq,2023,19518000.0,0.0,1000000.0,500000.0,50000.0,20568000.0,1500000.0,27188000.0,6620000.0
657,Iraq,2024,19518000.0,0.0,1000000.0,500000.0,50000.0,20568000.0,1500000.0,27188000.0,6620000.0
680,Jamaica,2019,54671.0,0.0,0.0,13653.0,0.0,54671.0,13653.0,54671.0,0.0
681,Jamaica,2020,,0.0,0.0,,,0.0,,,
682,Jamaica,2021,,0.0,0.0,,,0.0,,,
683,Jamaica,2022,,0.0,0.0,,,0.0,,,
685,Jamaica,2024,,,,,,,,0.0,
686,Japan,2018,,,,,,,,43400000.0,
689,Japan,2021,,,,,,,,43400000.0,
691,Japan,2023,,,,,,,,33900000.0,
692,Japan,2024,,,,,,,,30110000.0,
693,Jordan,2018,1000000.0,0.0,290000.0,570000.0,10000.0,1300000.0,600000.0,1522000.0,222000.0
694,Jordan,2019,600000.0,0.0,872000.0,70000.0,5000.0,1477000.0,150000.0,2344300.0,867300.0
695,Jordan,2020,50000.0,0.0,1472000.0,70000.0,10000.0,1532000.0,170000.0,2708250.0,1176250.0
696,Jordan,2021,600000.0,0.0,900000.0,70000.0,0.0,1500000.0,150000.0,2402500.0,902500.0
697,Jordan,2022,1500000.0,0.0,2300000.0,130000.0,200000.0,4000000.0,500000.0,8265000.0,4265000.0
698,Jordan,2023,1449800.0,,600000.0,110000.0,,2049800.0,500000.0,4424800.0,2375000.0
699,Jordan,2024,1517400.0,,600000.0,170000.0,,2117400.0,450000.0,4382400.0,2265000.0
700,Kazakhstan,2018,126856666.0,265853.0,4871889.0,3804346.0,1850920.0,133845328.0,5093660.0,137713269.0,3867941.0
701,Kazakhstan,2019,126500411.0,300000.0,5854430.0,2619302.0,1267485.0,133922326.0,2619302.0,133922326.0,0.0
702,Kazakhstan,2020,114826597.0,1000000.0,4486319.0,6357041.0,954382.0,121267298.0,6357041.0,121267298.0,0.0
703,Kazakhstan,2021,116825630.0,,2363120.0,5333282.0,250000.0,119438750.0,5333282.0,119438750.0,0.0
704,Kazakhstan,2022,112830968.0,2500000.0,6827814.0,5273582.0,122700.0,122281482.0,5273582.0,122281482.0,0.0
705,Kazakhstan,2023,135682052.0,1500000.0,4260317.0,6543490.0,,141442369.0,6543490.0,141442369.0,0.0
706,Kazakhstan,2024,129582227.0,0.0,2764673.0,5819791.0,0.0,132346900.0,5819791.0,132346900.0,0.0
707,Kenya,2018,13794399.0,92352.0,12894020.0,3324591.0,0.0,26780771.0,5000000.0,42132782.0,15352011.0
708,Kenya,2019,17672714.0,4157092.0,8045384.0,2798805.0,0.0,29875190.0,9621500.0,81311640.0,51436450.0
709,Kenya,2020,17853436.0,5163000.0,13687810.0,4564682.0,95670.0,36799916.0,7962790.0,75288724.0,38488808.0
710,Kenya,2021,18924367.0,5681335.0,17556149.0,5585629.0,,42161851.0,6895248.0,79457851.0,37296000.0
711,Kenya,2022,16091646.0,6719148.0,23706641.0,10294339.0,,46517435.0,10294339.0,75428341.0,28910906.0
712,Kenya,2023,16087937.0,4141702.0,25159679.0,7866924.0,,45389318.0,7895458.0,66961560.0,21572242.0
713,Kenya,2024,2826153.0,7619251.0,22364672.0,6899959.0,0.0,32810076.0,14603006.0,156619464.0,123809388.0
714,Kiribati,2018,0.0,0.0,200000.0,70000.0,215800.0,415800.0,70000.0,415800.0,0.0
715,Kiribati,2019,,,158913.0,36450.0,337952.0,496865.0,36450.0,496865.0,0.0
716,Kiribati,2020,,,108115.0,13885.0,240516.0,348631.0,13885.0,348631.0,0.0
717,Kiribati,2021,129460.0,,114038.0,23324.0,245871.0,489369.0,23324.0,489369.0,0.0
718,Kiribati,2022,77758.0,,88404.0,21532.0,253428.0,419590.0,21532.0,422878.0,3288.0
720,Kiribati,2024,112773.0,,119140.0,83400.0,598537.0,830450.0,83400.0,830450.0,0.0
721,Kuwait,2018,,,,,,,,9350000.0,
722,Kuwait,2019,,,,,,,,8555000.0,
723,Kuwait,2020,,,,,,,,9450000.0,
724,Kuwait,2021,,,,,,,,10950000.0,
728,Kyrgyzstan,2018,12760575.0,6107251.0,2295186.0,627905.0,3556868.0,24719880.0,627905.0,25282188.0,562308.0
729,Kyrgyzstan,2019,11500000.0,3945410.0,3317489.0,946338.0,497189.0,19260088.0,946338.0,19260088.0,0.0
730,Kyrgyzstan,2020,7814175.0,1888994.0,6084207.0,1264414.0,280147.0,16067523.0,1274796.0,16127481.0,59958.0
731,Kyrgyzstan,2021,8004652.0,2324624.0,2348028.0,945292.0,385159.0,13062463.0,945292.0,13062463.0,0.0
732,Kyrgyzstan,2022,8459303.0,2486601.0,5349086.0,1237647.0,80000.0,16374990.0,1237647.0,16374990.0,0.0
733,Kyrgyzstan,2023,8390807.0,2583546.0,4905638.0,980757.0,300000.0,16179991.0,980757.0,16179991.0,0.0
734,Kyrgyzstan,2024,11333220.0,3000000.0,2443888.0,34387.0,230516.0,17007624.0,34387.0,17007624.0,0.0
735,Lao People's Democratic Republic,2018,384499.0,0.0,2991080.0,794847.0,0.0,3375579.0,1094847.0,3675579.0,300000.0
736,Lao People's Democratic Republic,2019,724010.0,0.0,2955320.0,788521.0,20000.0,3699330.0,788521.0,3699330.0,0.0
737,Lao People's Democratic Republic,2020,674876.0,0.0,1567514.0,170981.0,0.0,2242390.0,170981.0,2242390.0,0.0
738,Lao People's Democratic Republic,2021,392125.0,0.0,2069814.0,1126687.0,0.0,2461939.0,1419215.0,4540827.0,2078888.0
739,Lao People's Democratic Republic,2022,281478.0,,2017956.0,769278.0,37447.0,2336881.0,1007615.0,3889012.0,1552131.0
740,Lao People's Democratic Republic,2023,886765.0,0.0,1530880.0,562594.0,0.0,2417645.0,562594.0,2417645.0,0.0
741,Lao People's Democratic Republic,2024,495951.0,0.0,2900617.0,1632021.0,0.0,3396568.0,1632021.0,3397539.0,971.0
742,Latvia,2018,2185827.0,,,,,2185827.0,,2185827.0,0.0
743,Latvia,2019,2216505.0,,,,,2216505.0,,2216505.0,0.0
744,Latvia,2020,2216505.0,,,,,2216505.0,,2216505.0,0.0
746,Latvia,2022,,,,,,,,7235809.0,
747,Latvia,2023,,,,,,,,8321797.0,
749,Lebanon,2018,464461.0,0.0,2378162.0,118800.0,0.0,2842623.0,118800.0,3812803.0,970180.0
750,Lebanon,2019,468403.0,0.0,326182.0,100000.0,0.0,794585.0,150000.0,2762162.0,1967577.0
751,Lebanon,2020,1170480.0,0.0,238084.0,204810.0,34400.0,1442964.0,388133.0,2950553.0,1507589.0
752,Lebanon,2021,532064.0,0.0,208710.0,157338.0,252000.0,992774.0,157338.0,1245767.0,252993.0
753,Lebanon,2022,19600.0,,592787.0,176774.0,14400.0,626787.0,200000.0,1622947.0,996160.0
754,Lebanon,2023,19160.0,0.0,741179.0,159820.0,10000.0,770339.0,159820.0,1558931.0,788592.0
755,Lebanon,2024,46800.0,0.0,465323.0,149391.0,30000.0,542123.0,149391.0,1554833.0,1012710.0
756,Lesotho,2018,1011281.0,,1814552.0,6666.0,,2825833.0,6666.0,3318438.0,492605.0
757,Lesotho,2019,578455.0,,2696494.0,943575.0,2111630.0,5386579.0,2467015.0,12421579.0,7035000.0
758,Lesotho,2020,5524183.0,0.0,5531518.0,2119343.0,207645.0,11263346.0,562986.0,10261914.0,-1001432.0
759,Lesotho,2021,4094870.0,692399.0,5823609.0,3116768.0,0.0,10610878.0,1867484.0,14216736.0,3605858.0
760,Lesotho,2022,12363562.0,232822.0,4144758.0,5599803.0,0.0,16741142.0,2099117.0,13373286.0,-3367856.0
761,Lesotho,2023,4642882.0,,1928743.0,731929.0,,6571625.0,2099117.0,13283394.0,6711769.0
762,Lesotho,2024,976398.0,640634.0,1384536.0,490634.0,,3001568.0,959041.0,10810562.0,7808994.0
763,Liberia,2018,152040.0,0.0,1497464.0,1089641.0,4747343.0,6396847.0,1089641.0,6396847.0,0.0
764,Liberia,2019,0.0,0.0,1648328.0,0.0,0.0,1648328.0,261281.0,7270844.0,5622516.0
765,Liberia,2020,286718.0,0.0,1771197.0,290252.0,0.0,2057915.0,561736.0,9884786.0,7826871.0
766,Liberia,2021,286718.0,0.0,3117574.0,885769.0,0.0,3404292.0,1450211.0,9114764.0,5710472.0
767,Liberia,2022,,299000.0,2201556.0,62434.0,5386.0,2505942.0,109259.0,4257685.0,1751743.0
768,Liberia,2023,,321975.0,2121483.0,475156.0,,2443458.0,475156.0,4405249.0,1961791.0
769,Liberia,2024,,,4439577.0,147598.0,44640.0,4484217.0,3621241.0,19139953.0,14655736.0
772,Libya,2020,,,,,,,1500000.0,3660000.0,
773,Libya,2021,600000.0,,,950000.0,2000000.0,2600000.0,950000.0,2600000.0,0.0
774,Libya,2022,647000.0,0.0,0.0,1250000.0,2500000.0,3147000.0,1250000.0,3147000.0,0.0
775,Libya,2023,1400000.0,0.0,0.0,1500000.0,2000000.0,3400000.0,1500000.0,3400000.0,0.0
776,Libya,2024,1500000.0,0.0,0.0,1700000.0,2000000.0,3500000.0,1700000.0,3500000.0,0.0
791,Madagascar,2018,,,3281982.0,351029.0,,3281982.0,782676.0,2699403.0,-582579.0
792,Madagascar,2019,0.0,0.0,2890763.0,259018.0,0.0,2890763.0,259018.0,2890763.0,0.0
793,Madagascar,2020,0.0,0.0,3250185.0,582974.0,0.0,3250185.0,582974.0,3250185.0,0.0
794,Madagascar,2021,0.0,0.0,6373997.0,1719718.0,0.0,6373997.0,1719718.0,6373997.0,0.0
796,Madagascar,2023,0.0,0.0,7731232.0,1268991.0,0.0,7731232.0,1268991.0,7731232.0,0.0
797,Madagascar,2024,,,847573.0,,,847573.0,,847573.0,0.0
798,Malawi,2018,2196601.0,4426244.0,4012658.0,3555379.0,2440286.0,13075789.0,2662135.0,25149440.0,12073651.0
799,Malawi,2019,1442238.0,3424633.0,4481477.0,2876297.0,1489461.0,10837809.0,2876297.0,28443737.0,17605928.0
800,Malawi,2020,1751644.0,3765639.0,8387057.0,2586635.0,1655534.0,15559874.0,2586635.0,26598888.0,11039014.0
801,Malawi,2021,462973.0,3500000.0,5703015.0,6729992.0,10186557.0,19852545.0,9873203.0,38669119.0,18816574.0
802,Malawi,2022,462973.0,4000000.0,5902615.0,3875421.0,8820865.0,19186453.0,6115764.0,33800435.0,14613982.0
803,Malawi,2023,462974.0,5141000.0,6658067.0,3865912.0,10537571.0,22799612.0,7079915.0,35068325.0,12268713.0
804,Malawi,2024,412973.0,5000000.0,5928612.0,3511932.0,3660257.0,15001842.0,8764013.0,33139446.0,18137604.0
805,Malaysia,2018,15980000.0,,,1000000.0,,15980000.0,1000000.0,15980000.0,0.0
806,Malaysia,2019,15980000.0,,,1000000.0,,15980000.0,1000000.0,15980000.0,0.0
807,Malaysia,2020,15984000.0,,,1000000.0,,15984000.0,1000000.0,15984000.0,0.0
808,Malaysia,2021,16580000.0,,,1400000.0,,16580000.0,1400000.0,16580000.0,0.0
809,Malaysia,2022,16846000.0,,,1400000.0,,16846000.0,1400000.0,16846000.0,0.0
810,Malaysia,2023,16806250.0,,,1400000.0,,16806250.0,1400000.0,16806250.0,0.0
811,Malaysia,2024,17416250.0,,,1600000.0,,17416250.0,1600000.0,17416250.0,0.0
812,Maldives,2018,,,,,,,,182879.0,
813,Maldives,2019,,,,,,,,300000.0,
814,Maldives,2020,,,,,,,,300000.0,
815,Maldives,2021,,,,,,,,3281000.0,
816,Maldives,2022,,,,,,,,300000.0,
817,Maldives,2023,,,,,,,,16772.0,
818,Maldives,2024,,,,,,,,2044975.0,
819,Mali,2018,1310908.0,,4116255.0,873672.0,,5427163.0,1796883.0,7237619.0,1810456.0
820,Mali,2019,569279.0,,1083601.0,52119.0,,1652880.0,526880.0,5433871.0,3780991.0
821,Mali,2020,407866.0,303325.0,998354.0,70195.0,,1709545.0,590589.0,5789921.0,4080376.0
822,Mali,2021,2382120.0,0.0,3433986.0,1123045.0,288474.0,6104580.0,1400000.0,6841564.0,736984.0
823,Mali,2022,1047759.0,,7199003.0,125120.0,,8246762.0,144250.0,8474565.0,227803.0
824,Mali,2023,,,,,,,,1127028.0,
825,Mali,2024,1473984.0,687859.0,2220000.0,135009.0,,4381843.0,200000.0,5337453.0,955610.0
833,Marshall Islands,2018,,,176000.0,25000.0,,176000.0,70000.0,421000.0,245000.0
834,Marshall Islands,2019,230000.0,0.0,12000.0,12000.0,400000.0,642000.0,12000.0,642000.0,0.0
835,Marshall Islands,2020,580000.0,500000.0,172000.0,400000.0,323200.0,1575200.0,400000.0,1575200.0,0.0
836,Marshall Islands,2021,599413.0,,280000.0,10000.0,282587.0,1162000.0,10000.0,1162000.0,0.0
837,Marshall Islands,2022,444000.0,,400000.0,844000.0,,844000.0,444000.0,1565473.0,721473.0
840,Mauritania,2018,,0.0,1164961.0,444537.0,,1164961.0,,574021.0,-590940.0
841,Mauritania,2019,717688.0,0.0,481587.0,158954.0,0.0,1199275.0,225986.0,1806402.0,607127.0
842,Mauritania,2020,,,1164961.0,444537.0,,1164961.0,,554021.0,-610940.0
843,Mauritania,2021,323932.0,,1900000.0,589948.0,,2223932.0,589948.0,2223932.0,0.0
845,Mauritania,2023,10322.0,0.0,1800000.0,640003.0,0.0,1810322.0,,165230.0,-1645092.0
854,Mexico,2018,12013738.0,0.0,0.0,3427751.0,0.0,12013738.0,3427751.0,12013738.0,0.0
855,Mexico,2019,11105557.0,0.0,0.0,3123065.0,0.0,11105557.0,3123065.0,11105557.0,0.0
856,Mexico,2020,13059495.0,0.0,0.0,2457000.0,0.0,13059495.0,2457000.0,13059495.0,0.0
857,Mexico,2021,13934709.0,0.0,0.0,5030181.0,0.0,13934709.0,5030181.0,13934709.0,0.0
858,Mexico,2022,7950060.0,0.0,0.0,2166710.0,0.0,7950060.0,2166710.0,7950060.0,0.0
859,Mexico,2023,8900402.0,0.0,0.0,2504938.0,0.0,8900402.0,2504938.0,8900402.0,0.0
860,Mexico,2024,12589419.0,0.0,0.0,3766707.0,0.0,12589419.0,3766707.0,12589419.0,0.0
861,Micronesia (Federated States of),2018,0.0,507178.0,83372.0,33528.0,25000.0,615550.0,33528.0,615550.0,0.0
863,Micronesia (Federated States of),2020,25000.0,512921.0,79930.0,10000.0,0.0,617851.0,10000.0,617851.0,0.0
864,Micronesia (Federated States of),2021,25000.0,512921.0,50000.0,0.0,0.0,587921.0,0.0,587921.0,0.0
865,Micronesia (Federated States of),2022,25000.0,512921.0,50000.0,0.0,0.0,587921.0,0.0,587921.0,0.0
866,Micronesia (Federated States of),2023,25000.0,544997.0,51976.0,9126.0,0.0,621973.0,9126.0,621973.0,0.0
867,Micronesia (Federated States of),2024,25000.0,408748.0,59500.0,48284.0,0.0,493248.0,48284.0,493248.0,0.0
875,Mongolia,2018,3649499.0,0.0,2424462.0,441194.0,0.0,6073961.0,441194.0,6073961.0,0.0
876,Mongolia,2019,4283643.0,0.0,1302004.0,576448.0,0.0,5585647.0,576448.0,5585647.0,0.0
877,Mongolia,2020,4279247.0,,1086273.0,387930.0,190000.0,5555520.0,387930.0,5555520.0,0.0
878,Mongolia,2021,4506001.0,,2557756.0,1322429.0,40000.0,7103757.0,1322429.0,7103757.0,0.0
879,Mongolia,2022,6305730.0,,3187946.0,1365411.0,7852.0,9501528.0,1365411.0,9501528.0,0.0
880,Mongolia,2023,10961418.0,0.0,3031582.0,1292711.0,7000.0,14000000.0,1292711.0,14000000.0,0.0
881,Mongolia,2024,10134354.0,,4676552.0,2996759.0,7300.0,14818206.0,2996759.0,16493759.0,1675553.0
882,Montenegro,2018,,,,,,,,70000.0,
883,Montenegro,2019,,,,,,,,100000.0,
884,Montenegro,2020,,,,,,,,120000.0,
885,Montenegro,2021,,,,,,,,100000.0,
886,Montenegro,2022,,,,,,,,150000.0,
887,Montenegro,2023,,,,,,,,150000.0,
888,Montenegro,2024,,,,,,,,200000.0,
890,Montserrat,2019,,,,,,,,2000.0,
896,Morocco,2018,15520000.0,0.0,775500.0,510600.0,0.0,16295500.0,1500600.0,28967500.0,12672000.0
897,Morocco,2019,18470578.0,0.0,1776110.0,3860904.0,494000.0,20740688.0,13046592.0,44473948.0,23733260.0
898,Morocco,2020,24602189.0,0.0,727253.0,5687137.0,601717.0,25931159.0,7973783.0,41335642.0,15404483.0
899,Morocco,2021,22035327.0,0.0,1496573.0,2008901.0,561000.0,24092900.0,4230771.0,28840994.0,4748094.0
900,Morocco,2022,24193030.0,0.0,2078953.0,6296842.0,0.0,26271983.0,10667142.0,34706252.0,8434269.0
901,Morocco,2023,15924193.0,,,,,15924193.0,,15924193.0,0.0
902,Morocco,2024,28082617.0,,745316.0,6871553.0,,28827933.0,6871553.0,28827933.0,0.0
903,Mozambique,2018,1500000.0,,20682455.0,4468044.0,8252097.0,30434552.0,4468044.0,30434552.0,0.0
904,Mozambique,2019,2084790.0,,16922481.0,6378695.0,5740463.0,24747734.0,6378695.0,28302255.0,3554521.0
905,Mozambique,2020,3176000.0,3050000.0,13644703.0,4742922.0,6354344.0,26225047.0,4742922.0,26225047.0,0.0
906,Mozambique,2021,3562346.0,4400000.0,16606515.0,7797970.0,5280199.0,29849060.0,7797970.0,29849060.0,0.0
907,Mozambique,2022,3690125.0,8435995.0,16082739.0,2595814.0,2621246.0,30830105.0,2595814.0,30830105.0,0.0
908,Mozambique,2023,4048890.0,9748078.0,17613146.0,3668670.0,854568.0,32264682.0,3668670.0,32264682.0,0.0
909,Mozambique,2024,4822420.0,9551634.0,19513759.0,3852544.0,,33887813.0,3852544.0,33887813.0,0.0
910,Myanmar,2018,2125422.0,1000000.0,25722031.0,3370038.0,3006908.0,31854361.0,5412579.0,57701418.0,25847057.0
911,Myanmar,2019,1848555.0,0.0,32150253.0,3092318.0,5083982.0,39082790.0,5591314.0,61823590.0,22740800.0
912,Myanmar,2020,3112950.0,5200000.0,34553968.0,5345890.0,4794541.0,47661459.0,6667467.0,79381844.0,31720385.0
913,Myanmar,2021,4852183.0,7523000.0,34871126.0,6354453.0,4798321.0,52044630.0,15991898.0,90208945.0,38164315.0
914,Myanmar,2022,4937603.0,8500000.0,35029975.0,6167876.0,2272707.0,50740285.0,17700474.0,88825555.0,38085270.0
915,Myanmar,2023,5225872.0,8750000.0,46029496.0,7049779.0,3248684.0,63254052.0,18952407.0,98433056.0,35179004.0
916,Myanmar,2024,4574460.0,10680000.0,25425217.0,1268462.0,2904100.0,43583777.0,17136296.0,97267227.0,53683450.0
917,Namibia,2018,27940544.0,24385.0,1400000.0,,,29364929.0,,49009625.0,19644696.0
918,Namibia,2019,30740513.0,8236.0,4480389.0,1251950.0,,35229138.0,3379307.0,50337515.0,15108377.0
919,Namibia,2020,8101424.0,0.0,3500000.0,2589580.0,1600000.0,13201424.0,3272549.0,31288748.0,18087324.0
920,Namibia,2021,7779176.0,549830.0,780073.0,2732826.0,1300000.0,10409079.0,2732826.0,27043871.0,16634792.0
921,Namibia,2022,2152757.0,,2502568.0,161597.0,1070000.0,5725325.0,2533005.0,18328675.0,12603350.0
922,Namibia,2023,6998653.0,0.0,801077.0,2288659.0,550694.0,8350424.0,4437312.0,19882677.0,11532253.0
923,Namibia,2024,7971683.0,120000.0,1183369.0,2315184.0,376874.0,9651926.0,4200000.0,23754583.0,14102657.0
924,Nauru,2018,,,,,,,,10478.0,
925,Nauru,2019,,,,,,,,5000.0,
927,Nauru,2021,,,,,,,,100000.0,
928,Nauru,2022,,,,,,,,200000.0,
931,Nepal,2018,9782800.0,,7996908.0,1679091.0,,17779708.0,1679091.0,17779708.0,0.0
932,Nepal,2019,7808086.0,0.0,7592729.0,3709021.0,0.0,15400815.0,5060264.0,20163086.0,4762271.0
933,Nepal,2020,7585843.0,0.0,9193917.0,4440284.0,0.0,16779760.0,5441798.0,24393688.0,7613928.0
934,Nepal,2021,7020168.0,0.0,8995535.0,5565093.0,50000.0,16065703.0,5965862.0,23570814.0,7505111.0
935,Nepal,2022,7335479.0,,10495503.0,3288428.0,39770.0,17870752.0,7169116.0,38346899.0,20476147.0
936,Nepal,2023,9347947.0,,5263330.0,2394661.0,66023.0,14677300.0,6309273.0,37286822.0,22609522.0
937,Nepal,2024,11404720.0,0.0,6314471.0,2334073.0,30356.0,17749547.0,5270353.0,38647417.0,20897870.0
938,Netherlands (Kingdom of the),2018,,,,,,,,33000000.0,
939,Netherlands (Kingdom of the),2019,,,,,,,,33000000.0,
940,Netherlands (Kingdom of the),2020,,,,,,,,33000000.0,
941,Netherlands (Kingdom of the),2021,,,,,,,,33000000.0,
942,Netherlands (Kingdom of the),2022,,,,,,,,33000000.0,
943,Netherlands (Kingdom of the),2023,,,,,,,,33000000.0,
959,Nicaragua,2018,4612886.0,0.0,3457902.0,997709.0,0.0,8070788.0,1017557.0,9937205.0,1866417.0
960,Nicaragua,2019,6067167.0,0.0,1292382.0,763199.0,272441.0,7631990.0,1109903.0,10539943.0,2907953.0
961,Nicaragua,2020,6931394.0,0.0,1077021.0,1348100.0,238021.0,8246436.0,1354654.0,9481268.0,1234832.0
965,Nicaragua,2024,5529214.0,,3872506.0,596824.0,184451.0,9586171.0,685348.0,9715058.0,128887.0
966,Niger,2018,950000.0,,905198.0,,59533.0,1914731.0,227488.0,2635283.0,720552.0
967,Niger,2019,,,5432788.0,291489.0,194981.0,5627769.0,291489.0,5627769.0,0.0
968,Niger,2020,,,8759111.0,1764772.0,167341.0,8926452.0,1831448.0,6189174.0,-2737278.0
969,Niger,2021,,,4387002.0,494348.0,198594.0,4585596.0,521866.0,5305338.0,719742.0
970,Niger,2022,,,5566250.0,197526.0,182554.0,5748804.0,4221880.0,9241334.0,3492530.0
971,Niger,2023,589558.0,,2815484.0,1231566.0,216660.0,3621702.0,1801193.0,4433093.0,811391.0
972,Niger,2024,527448.0,,3440766.0,1801193.0,216660.0,4184874.0,1801193.0,4663408.0,478534.0
973,Nigeria,2018,31640126.0,22000000.0,42966379.0,11618421.0,0.0,96606505.0,78675538.0,409105542.0,312499037.0
974,Nigeria,2019,22335038.0,24000000.0,64097623.0,20782394.0,0.0,110432661.0,54645906.0,278349668.0,167917007.0
975,Nigeria,2020,27002499.0,24000000.0,65115893.0,26437407.0,0.0,116118392.0,76302188.0,383995035.0,267876643.0
976,Nigeria,2021,27002499.0,24000000.0,66111619.0,27288025.0,0.0,117114118.0,73093837.0,372643206.0,255529088.0
977,Nigeria,2022,24252944.0,25000000.0,65062232.0,28500000.0,0.0,114315176.0,79314123.0,375000000.0,260684824.0
978,Nigeria,2023,23766517.0,25000000.0,67128520.0,20903173.0,0.0,115895037.0,81851348.0,388005000.0,272109963.0
979,Nigeria,2024,19000000.0,25000000.0,112924611.0,40380482.0,0.0,156924611.0,138380482.0,392800000.0,235875389.0
980,Niue,2018,,,,,,,,9963.0,
981,Niue,2019,,,,,,,,6895.0,
982,Niue,2020,,,,,,,,32000.0,
983,Niue,2021,,,,,,,,12000.0,
984,Niue,2022,,,,,,,,10000.0,
986,Niue,2024,,,,,,,,0.0,
992,North Macedonia,2023,,,,,,,,441260.0,
993,North Macedonia,2024,,,,,,,,10.0,
994,Northern Mariana Islands,2018,,,,,,,,253184.0,
995,Northern Mariana Islands,2019,,,,,,,,253184.0,
996,Northern Mariana Islands,2020,,,,,,,,253184.0,
997,Northern Mariana Islands,2021,,,,,,,,500000.0,
998,Northern Mariana Islands,2022,,,,,,,,515000.0,
999,Northern Mariana Islands,2023,,,,,,,,530000.0,
1000,Northern Mariana Islands,2024,,,,,,,,545000.0,
1010,"occupied Palestinian territory, including east Jerusalem",2020,30000.0,,,,,30000.0,100000.0,830000.0,800000.0
1012,"occupied Palestinian territory, including east Jerusalem",2022,,,,,,,250.0,250.0,
1013,"occupied Palestinian territory, including east Jerusalem",2023,,0.0,200000.0,,,200000.0,,200000.0,0.0
1022,Pakistan,2018,3636632.0,0.0,64022702.0,4237599.0,0.0,67659334.0,28595078.0,118478485.0,50819151.0
1023,Pakistan,2019,3626232.0,0.0,41894665.0,4486118.0,118011.0,45638908.0,31767184.0,135433726.0,89794818.0
1024,Pakistan,2020,3418859.0,0.0,49824819.0,11175224.0,444791.0,53688469.0,35986384.0,157878082.0,104189613.0
1025,Pakistan,2021,3733164.0,19826.0,60326750.0,14350143.0,0.0,64079740.0,55208288.0,152755902.0,88676162.0
1026,Pakistan,2022,4106480.0,0.0,55740707.0,10228053.0,0.0,59847187.0,45465985.0,161570799.0,101723612.0
1027,Pakistan,2023,8755563.0,104808.0,49883409.0,17049530.0,287046.0,59030826.0,45913335.0,158161172.0,99130346.0
1028,Pakistan,2024,7963353.0,,69346933.0,30941211.0,571472.0,77881758.0,30941211.0,77881758.0,0.0
1029,Palau,2018,,,,,,,,160300.0,
1030,Palau,2019,,,,,,,,135000.0,
1031,Palau,2020,,,,,,,,135000.0,
1032,Palau,2021,,,,,,,,160000.0,
1033,Palau,2022,,,,,,,,160000.0,
1034,Palau,2023,,,,,,,,200000.0,
1035,Palau,2024,,,,,,,,200000.0,
1036,Panama,2018,113035.0,,822726.0,88673.0,,935761.0,600984.0,1858454.0,922693.0
1040,Panama,2022,,,,,,,,1134008.0,
1041,Panama,2023,,,,,,,,942488.0,
1042,Panama,2024,728500.0,,,35000.0,,728500.0,35000.0,728500.0,0.0
1043,Papua New Guinea,2018,14245222.0,95000.0,3788325.0,2250651.0,2111079.0,20239626.0,2250651.0,28369880.0,8130254.0
1044,Papua New Guinea,2019,18653636.0,0.0,4270152.0,2243492.0,4590000.0,27513788.0,2243492.0,36075794.0,8562006.0
1045,Papua New Guinea,2020,16786265.0,,4186549.0,1872705.0,11511358.0,32484172.0,1872705.0,34302003.0,1817831.0
1046,Papua New Guinea,2021,4538532.0,0.0,3141081.0,928420.0,125125.0,7804738.0,2002574.0,18690825.0,10886087.0
1047,Papua New Guinea,2022,4001785.0,0.0,3105683.0,577844.0,401745.0,7509213.0,901668.0,15981688.0,8472475.0
1048,Papua New Guinea,2023,3946523.0,0.0,8277756.0,2636362.0,1084964.0,13309243.0,2646362.0,19931477.0,6622234.0
1050,Paraguay,2018,3285256.0,0.0,1374373.0,115161.0,62030.0,4721659.0,1947076.0,24575311.0,19853652.0
1051,Paraguay,2019,3920776.0,0.0,1181268.0,537900.0,47872.0,5149916.0,1060490.0,21607012.0,16457096.0
1052,Paraguay,2020,3648620.0,0.0,920550.0,464116.0,97070.0,4666240.0,680851.0,22937634.0,18271394.0
1053,Paraguay,2021,2992548.0,0.0,956843.0,514415.0,87803.0,4037194.0,680851.0,8574750.0,4537556.0
1054,Paraguay,2022,2851761.0,0.0,986518.0,814436.0,0.0,3838279.0,4645323.0,9854879.0,6016600.0
1055,Paraguay,2023,2798183.0,0.0,89128.0,413650.0,0.0,2887311.0,4308940.0,8664123.0,5776812.0
1056,Paraguay,2024,4004117.0,0.0,0.0,1686165.0,9782.0,4013899.0,4035920.0,8323094.0,4309195.0
1057,Peru,2018,124450108.0,0.0,8535334.0,22183045.0,0.0,132985442.0,23000000.0,134529494.0,1544052.0
1058,Peru,2019,127051330.0,0.0,5100000.0,18482131.0,0.0,132151330.0,23000000.0,140746736.0,8595406.0
1059,Peru,2020,125024160.0,0.0,3320713.0,15844073.0,0.0,128344873.0,23115000.0,140674963.0,12330090.0
1060,Peru,2021,111703714.0,,3304074.0,9112195.0,,115007788.0,10205131.0,120742772.0,5734984.0
1061,Peru,2022,112391244.0,0.0,3846814.0,6559151.0,0.0,116238058.0,7679366.0,120649909.0,4411851.0
1062,Peru,2023,109885474.0,0.0,6005874.0,5749552.0,0.0,115891348.0,6283583.0,124728943.0,8837595.0
1063,Peru,2024,127768728.0,,7480158.0,9813278.0,,135248886.0,19297000.0,149420942.0,14172056.0
1064,Philippines,2018,59080154.0,2154958.0,29695082.0,22853381.0,2375665.0,93305859.0,41802865.0,159616253.0,66310394.0
1065,Philippines,2019,24357641.0,,51436361.0,25871227.0,,75794002.0,50563750.0,204542239.0,128748237.0
1066,Philippines,2020,40095950.0,6467121.0,18054527.0,32022728.0,,64617598.0,159068867.0,217018862.0,152401264.0
1067,Philippines,2021,82279113.0,23963839.0,43847961.0,68403636.0,,150090913.0,209929951.0,313822668.0,163731755.0
1068,Philippines,2022,70861545.0,17000000.0,44105478.0,38882898.0,,131967023.0,231304534.0,338589018.0,206621995.0
1069,Philippines,2023,102296911.0,22000000.0,41142730.0,72779864.0,,165439641.0,287300684.0,413841097.0,248401456.0
1070,Philippines,2024,65117321.0,10996966.0,44530633.0,51666034.0,1340069.0,121984989.0,83413108.0,188073247.0,66088258.0
1085,Puerto Rico,2018,,,,,,,,1464000.0,
1088,Puerto Rico,2021,,,,,,,,402455.0,
1089,Puerto Rico,2022,,,,,,,,401420.0,
1090,Puerto Rico,2023,,,,,,,,394439.0,
1091,Puerto Rico,2024,,,,,,,,321312.0,
1099,Republic of Korea,2018,45171000.0,0.0,0.0,11224000.0,0.0,45171000.0,11224000.0,45171000.0,0.0
1100,Republic of Korea,2019,54864000.0,,,12574000.0,,54864000.0,12574000.0,54864000.0,0.0
1101,Republic of Korea,2020,37841633.0,,,1910204.0,,37841633.0,1910204.0,37841633.0,0.0
1102,Republic of Korea,2021,,,,,,,,45382753.0,
1103,Republic of Korea,2022,,,,,,,,38627065.0,
1104,Republic of Korea,2023,,,,,,,,38696718.0,
1105,Republic of Korea,2024,,,,,,,,27973378.0,
1106,Republic of Moldova,2018,28102729.0,0.0,3808216.0,1351962.0,0.0,31910945.0,1373292.0,32471427.0,560482.0
1107,Republic of Moldova,2019,33148960.0,0.0,3709352.0,1522589.0,0.0,36858312.0,1547353.0,37493797.0,635485.0
1108,Republic of Moldova,2020,10226444.0,0.0,2661432.0,1670127.0,405275.0,13293151.0,1670127.0,13293151.0,0.0
1109,Republic of Moldova,2021,12580742.0,0.0,3087429.0,1785144.0,473044.0,16141215.0,1785144.0,16141215.0,0.0
1110,Republic of Moldova,2022,12628865.0,0.0,3271345.0,4681982.0,0.0,15900210.0,4681982.0,15900210.0,0.0
1111,Republic of Moldova,2023,11712250.0,0.0,3079930.0,4364000.0,0.0,14792180.0,4364000.0,14792180.0,0.0
1112,Republic of Moldova,2024,14888165.0,0.0,1444878.0,3923091.0,0.0,16333043.0,3923091.0,16333043.0,0.0
1113,Romania,2018,10250000.0,0.0,3289670.0,3000000.0,0.0,13539670.0,5000000.0,17800000.0,4260330.0
1114,Romania,2019,10039546.0,0.0,2420250.0,4590454.0,687454.0,13147250.0,5500000.0,14987099.0,1839849.0
1115,Romania,2020,7677368.0,0.0,1799689.0,2774479.0,1258510.0,10735567.0,5157031.0,13197761.0,2462194.0
1116,Romania,2021,,,,,,,,13333586.0,
1117,Romania,2022,,,,,,,,17345465.0,
1118,Romania,2023,,,,,,,,12907711.0,
1119,Romania,2024,,,,,,,,15012766.0,
1120,Russian Federation,2018,1434579278.0,0.0,0.0,26329894.0,0.0,1434579278.0,26329894.0,1434579278.0,0.0
1121,Russian Federation,2019,1450726465.0,0.0,0.0,29023816.0,0.0,1450726465.0,29023816.0,1450726465.0,0.0
1122,Russian Federation,2020,1571010684.0,0.0,0.0,30417457.0,0.0,1571010684.0,30417457.0,1571010684.0,0.0
1123,Russian Federation,2021,1383506932.0,0.0,0.0,28560381.0,0.0,1383506932.0,28560381.0,1383506932.0,0.0
1124,Russian Federation,2022,1453801645.0,0.0,0.0,26360717.0,0.0,1453801645.0,26360717.0,1453801645.0,0.0
1125,Russian Federation,2023,1639947864.0,,,32930876.0,180251.0,1640128115.0,32930876.0,1640128115.0,0.0
1126,Russian Federation,2024,1388029529.0,0.0,0.0,25102829.0,0.0,1388029529.0,25102829.0,1388029529.0,0.0
1127,Rwanda,2018,219484.0,249574.0,5942847.0,1891025.0,11711.0,6423616.0,1891025.0,6423616.0,0.0
1128,Rwanda,2019,186003.0,0.0,4529732.0,1396006.0,241566.0,4957301.0,1396006.0,4957301.0,0.0
1129,Rwanda,2020,1156811.0,259131.0,6255250.0,3020932.0,24511.0,7695703.0,3020932.0,7695703.0,0.0
1130,Rwanda,2021,1922160.0,1831280.0,2024827.0,3020932.0,1591021.0,7369288.0,3020932.0,7369288.0,0.0
1131,Rwanda,2022,1686744.0,450179.0,4709224.0,1724544.0,88012.0,6934159.0,2566037.0,11233721.0,4299562.0
1132,Rwanda,2023,1847505.0,451994.0,4725498.0,1671622.0,61911.0,7086908.0,2264260.0,10118279.0,3031371.0
1133,Rwanda,2024,2669881.0,227233.0,4101617.0,1657231.0,69837.0,7068568.0,1657231.0,7332609.0,264041.0
1134,Saint Kitts and Nevis,2018,,,,,,,,4071.0,
1135,Saint Kitts and Nevis,2019,,,,,,,,4071.0,
1136,Saint Kitts and Nevis,2020,,,,,,,,0.0,
1137,Saint Kitts and Nevis,2021,,,,,,,,0.0,
1138,Saint Kitts and Nevis,2022,,,,,,,,1000.0,
1140,Saint Kitts and Nevis,2024,,,,,,,,2000.0,
1143,Saint Lucia,2020,,,,,,,,9000.0,
1158,Samoa,2021,,,,,,,,150000.0,
1161,Samoa,2024,,,,,,,,137767.0,
1162,San Marino,2018,,,,,,,,35000.0,
1163,San Marino,2019,,,,,,,,35500.0,
1164,San Marino,2020,,,,,,,,35999.0,
1169,Sao Tome and Principe,2018,53250.0,0.0,241668.0,25732.0,5900.0,300818.0,68626.0,398741.0,97923.0
1170,Sao Tome and Principe,2019,191359.0,0.0,227950.0,54844.0,11582.0,430891.0,60626.0,498593.0,67702.0
1171,Sao Tome and Principe,2020,22220.0,0.0,267462.0,95772.0,18800.0,308482.0,73552.0,486162.0,177680.0
1172,Sao Tome and Principe,2021,23301.0,0.0,267462.0,95772.0,18800.0,309563.0,95772.0,507829.0,198266.0
1173,Sao Tome and Principe,2022,51350.0,0.0,342119.0,35325.0,11669.0,405138.0,73552.0,1117900.0,712762.0
1175,Sao Tome and Principe,2024,0.0,0.0,393827.0,177410.0,86906.0,480733.0,667937.0,986897.0,506164.0
1176,Saudi Arabia,2018,,,,,,,,20000000.0,
1177,Saudi Arabia,2019,,,,,,,,25000000.0,
1178,Saudi Arabia,2020,,,,,,,,2500000.0,
1179,Saudi Arabia,2021,,,,,,,,2500000.0,
1180,Saudi Arabia,2022,,,,,,,,2500000.0,
1181,Saudi Arabia,2023,,,,,,,,5000000.0,
1182,Saudi Arabia,2024,,,,,,,,5000000.0,
1183,Senegal,2018,739532.0,0.0,2238691.0,824150.0,158970.0,3137193.0,2509699.0,12606440.0,9469247.0
1184,Senegal,2019,1737238.0,0.0,2287149.0,515686.0,212019.0,4236406.0,5200000.0,13770185.0,9533779.0
1185,Senegal,2020,1290727.0,0.0,1735553.0,330580.0,77301.0,3103581.0,1818176.0,12547789.0,9444208.0
1186,Senegal,2021,1842535.0,0.0,2659819.0,1190657.0,78884.0,4581238.0,7200000.0,31373779.0,26792541.0
1188,Senegal,2023,2526316.0,0.0,1500347.0,883440.0,92239.0,4118902.0,3000000.0,9850000.0,5731098.0
1189,Senegal,2024,2913513.0,0.0,2224446.0,1064701.0,79139.0,5217098.0,1200000.0,6180000.0,962902.0
1190,Serbia,2018,9414581.0,0.0,0.0,2091378.0,0.0,9414581.0,2097048.0,9516310.0,101729.0
1191,Serbia,2019,8137706.0,0.0,0.0,1795099.0,0.0,8137706.0,1801767.0,8238874.0,101168.0
1197,Seychelles,2018,,,,,,,,70000.0,
1198,Seychelles,2019,,,,,,,,12000.0,
1199,Seychelles,2020,,,,,,,,10000.0,
1200,Seychelles,2021,,,,,,,,20000.0,
1201,Seychelles,2022,,,,,,,,20000.0,
1202,Seychelles,2023,,,,,,,,20000.0,
1203,Seychelles,2024,,,,,,,,20000.0,
1204,Sierra Leone,2018,264591.0,35465.0,11086383.0,2618874.0,587741.0,11974180.0,4000000.0,15500000.0,3525820.0
1205,Sierra Leone,2019,295250.0,,5966058.0,300000.0,807340.0,7068648.0,500000.0,9481290.0,2412642.0
1206,Sierra Leone,2020,470000.0,,6048135.0,200000.0,900000.0,7418135.0,300000.0,9359722.0,1941587.0
1207,Sierra Leone,2021,614412.0,,5000000.0,500000.0,642146.0,6256558.0,700000.0,9699091.0,3442533.0
1208,Sierra Leone,2022,661767.0,100000.0,5080128.0,700000.0,673376.0,6515271.0,1000000.0,9079639.0,2564368.0
1211,Singapore,2018,,,,,,,,15859725.0,
1213,Singapore,2020,,,,,,,,14110000.0,
1214,Singapore,2021,,,,,,,,17440000.0,
1215,Singapore,2022,,,,,,,,24879502.0,
1216,Singapore,2023,,,,,,,,22055439.0,
1217,Singapore,2024,,,,,,,,22951475.0,
1218,Sint Maarten (Dutch part),2018,,,,,,,,3000.0,
1219,Sint Maarten (Dutch part),2019,,,,,,,,3000.0,
1220,Sint Maarten (Dutch part),2020,,,,,,,,5000.0,
1221,Sint Maarten (Dutch part),2021,,,,,,,,1500.0,
1222,Sint Maarten (Dutch part),2022,,,,,,,,1500.0,
1223,Sint Maarten (Dutch part),2023,,,,,,,,1800.0,
1224,Sint Maarten (Dutch part),2024,,,,,,,,2000.0,
1225,Slovakia,2018,,,,,,,,10000.0,
1226,Slovakia,2019,,,,,,,,10000.0,
1227,Slovakia,2020,,,,,,,,10000.0,
1228,Slovakia,2021,,,,,,,,10000.0,
1229,Slovakia,2022,,,,,,,,10000.0,
1230,Slovakia,2023,,,,,,,,10000.0,
1231,Slovakia,2024,,,,,,,,10000.0,
1239,Solomon Islands,2018,482184.0,0.0,548576.0,129270.0,0.0,1030760.0,129270.0,1030760.0,0.0
1240,Solomon Islands,2019,419850.0,0.0,645584.0,187885.0,0.0,1065434.0,187885.0,1065434.0,0.0
1241,Solomon Islands,2020,490236.0,0.0,548255.0,174507.0,0.0,1038491.0,174507.0,1038491.0,0.0
1242,Solomon Islands,2021,217695.0,0.0,548623.0,173460.0,0.0,766318.0,173460.0,766318.0,0.0
1243,Solomon Islands,2022,403041.0,0.0,354218.0,173460.0,0.0,757259.0,173460.0,757259.0,0.0
1246,Somalia,2018,,,7499438.0,777207.0,,7499438.0,,,
1247,Somalia,2019,,,8229414.0,413398.0,,8229414.0,413398.0,8229414.0,0.0
1248,Somalia,2020,0.0,0.0,8151944.0,1120441.0,0.0,8151944.0,1120441.0,8151944.0,0.0
1249,Somalia,2021,0.0,0.0,11794561.0,812622.0,0.0,11794561.0,812622.0,11794561.0,0.0
1250,Somalia,2022,0.0,0.0,9934451.0,792068.0,250000.0,10184451.0,4350792.0,16503882.0,6319431.0
1251,Somalia,2023,0.0,,13306449.0,1109862.0,,13306449.0,1109862.0,13306449.0,0.0
1252,Somalia,2024,0.0,0.0,8716999.0,739200.0,316732.0,9033731.0,,,
1253,South Africa,2018,247352379.0,12500000.0,9042857.0,139515641.0,,268895236.0,139515641.0,270538093.0,1642857.0
1254,South Africa,2019,208274028.0,11000000.0,20448058.0,110958162.0,,239722086.0,110958162.0,239722086.0,0.0
1255,South Africa,2020,152134845.0,18000000.0,26589960.0,111394485.0,,196724805.0,111394485.0,196724805.0,0.0
1256,South Africa,2021,160953394.0,15000000.0,46360235.0,121419987.0,2400000.0,224713629.0,121419987.0,224713629.0,0.0
1257,South Africa,2022,137589899.0,15000000.0,49785785.0,86286226.0,,202375684.0,86286226.0,202375684.0,0.0
1258,South Africa,2023,119959406.0,12000000.0,11733009.0,65718412.0,,143692415.0,65718412.0,143692415.0,0.0
1259,South Africa,2024,83409969.0,20000000.0,48251343.0,56684293.0,,151661312.0,56684293.0,151661312.0,0.0
1260,South Sudan,2018,,,3629830.0,201754.0,,3629830.0,201754.0,3629830.0,0.0
1261,South Sudan,2019,,,4244650.0,100030.0,,4244650.0,3204469.0,12478933.0,8234283.0
1262,South Sudan,2020,0.0,0.0,5627277.0,761332.0,0.0,5627277.0,761332.0,5627277.0,0.0
1263,South Sudan,2021,0.0,0.0,5533954.0,496797.0,0.0,5533954.0,1000000.0,11940000.0,6406046.0
1264,South Sudan,2022,0.0,0.0,3442557.0,983010.0,0.0,3442557.0,983010.0,3442557.0,0.0
1265,South Sudan,2023,,,5304509.0,1715672.0,,5304509.0,1715672.0,5304509.0,0.0
1266,South Sudan,2024,0.0,0.0,3332937.0,581183.0,0.0,3332937.0,581183.0,3332937.0,0.0
1274,Sri Lanka,2018,3724174.0,0.0,3732362.0,1330472.0,28564.0,7485100.0,1335837.0,8397571.0,912471.0
1275,Sri Lanka,2019,3526847.0,,1455740.0,828634.0,85227.0,5067814.0,828634.0,5067814.0,0.0
1276,Sri Lanka,2020,4219188.0,,969529.0,877094.0,38770.0,5227487.0,877094.0,5227487.0,0.0
1277,Sri Lanka,2021,3551827.0,,1019658.0,674723.0,140704.0,4712189.0,674723.0,4712189.0,0.0
1278,Sri Lanka,2022,2838758.0,,1149396.0,1799228.0,,3988154.0,1799228.0,3988154.0,0.0
1279,Sri Lanka,2023,1888741.0,0.0,256474.0,23675.0,304940.0,2450155.0,23675.0,2450155.0,0.0
1280,Sri Lanka,2024,1643853.0,0.0,1819171.0,1386478.0,16287.0,3479311.0,1386478.0,3479311.0,0.0
1281,Sudan,2018,2493541.0,,5223176.0,821284.0,,7716717.0,1000000.0,14072486.0,6355769.0
1282,Sudan,2019,169200.0,,5003944.0,1431513.0,,5173144.0,3405845.0,11841922.0,6668778.0
1283,Sudan,2020,169200.0,,5392566.0,1463581.0,,5561766.0,1463581.0,10991617.0,5429851.0
1284,Sudan,2021,99814.0,0.0,4341981.0,1110918.0,0.0,4441795.0,1345141.0,9743378.0,5301583.0
1285,Sudan,2022,988432.0,0.0,4672157.0,1140307.0,0.0,5660589.0,1140307.0,5660589.0,0.0
1286,Sudan,2023,700000.0,,13382769.0,,,14082769.0,,,
1287,Sudan,2024,700000.0,,2974471.0,,,3674471.0,945749.0,2659635.0,-1014836.0
1288,Suriname,2018,401026.0,0.0,357618.0,200000.0,60162.0,818806.0,253105.0,1627268.0,808462.0
1289,Suriname,2019,385719.0,0.0,395782.0,108808.0,90000.0,871501.0,113808.0,973635.0,102134.0
1290,Suriname,2020,507080.0,0.0,395000.0,200000.0,65000.0,967080.0,225000.0,997080.0,30000.0
1291,Suriname,2021,511000.0,,182000.0,280000.0,100000.0,793000.0,300000.0,895400.0,102400.0
1292,Suriname,2022,330700.0,0.0,166202.0,274498.0,110000.0,606902.0,350000.0,776665.0,169763.0
1293,Suriname,2023,369500.0,0.0,97000.0,190000.0,90000.0,556500.0,211230.0,630230.0,73730.0
1302,Switzerland,2018,,,,,,,,2900000.0,
1303,Switzerland,2019,,,,,,,,2900000.0,
1304,Switzerland,2020,,,,,,,,2900000.0,
1305,Switzerland,2021,,,,,,,,3000000.0,
1306,Switzerland,2022,,,,,,,,2300000.0,
1307,Switzerland,2023,,,,,,,,2300000.0,
1309,Syrian Arab Republic,2018,0.0,0.0,703800.0,184000.0,0.0,703800.0,184000.0,703800.0,0.0
1310,Syrian Arab Republic,2019,0.0,0.0,904124.0,237636.0,0.0,904124.0,237636.0,904124.0,0.0
1311,Syrian Arab Republic,2020,0.0,0.0,1029100.0,277600.0,0.0,1029100.0,277600.0,1029100.0,0.0
1312,Syrian Arab Republic,2021,0.0,0.0,1231100.0,277600.0,0.0,1231100.0,277600.0,1231100.0,0.0
1313,Syrian Arab Republic,2022,0.0,0.0,1305100.0,277600.0,0.0,1305100.0,277600.0,1305100.0,0.0
1314,Syrian Arab Republic,2023,17000.0,0.0,1432100.0,477600.0,0.0,1449100.0,677600.0,1649100.0,200000.0
1315,Syrian Arab Republic,2024,17000.0,0.0,1432100.0,677600.0,47000.0,1496100.0,877600.0,1982225.0,486125.0
1316,Tajikistan,2018,3016064.0,3069651.0,6237268.0,3069571.0,641926.0,12964909.0,4051834.0,16140873.0,3175964.0
1317,Tajikistan,2019,4845161.0,328307.0,2088638.0,3468369.0,789118.0,8051224.0,4335462.0,9960282.0,1909058.0
1318,Tajikistan,2020,6267320.0,0.0,5135294.0,2299555.0,602594.0,12005208.0,2759466.0,12942928.0,937720.0
1319,Tajikistan,2021,467248.0,,8795563.0,2593425.0,741674.0,10004485.0,3112111.0,11507173.0,1502688.0
1320,Tajikistan,2022,8458314.0,6000.0,6358284.0,3102708.0,30159.0,14852757.0,3723250.0,17823309.0,2970552.0
1321,Tajikistan,2023,9611606.0,0.0,5332176.0,3834684.0,676680.0,15620462.0,4601621.0,18744554.0,3124092.0
1322,Tajikistan,2024,14204206.0,,1623094.0,1739911.0,25000.0,15852300.0,2087893.0,19396677.0,3544377.0
1323,Thailand,2018,22387230.0,0.0,3439170.0,2946152.0,34349.0,25860749.0,2946152.0,25860749.0,0.0
1324,Thailand,2019,23565944.0,0.0,3264999.0,4002630.0,0.0,26830943.0,4002630.0,26830943.0,0.0
1325,Thailand,2020,26028432.0,0.0,4841327.0,5621464.0,509026.0,31378785.0,5621464.0,31378785.0,0.0
1326,Thailand,2021,24799318.0,,4984627.0,6759621.0,301900.0,30085845.0,6759621.0,30085845.0,0.0
1327,Thailand,2022,22697382.0,,7632236.0,6945510.0,,30329618.0,6945510.0,30329618.0,0.0
1328,Thailand,2023,22360317.0,,6146219.0,5207644.0,,28506536.0,5207644.0,28506536.0,0.0
1329,Thailand,2024,25075755.0,,4964158.0,5491619.0,,30039913.0,5491619.0,30039913.0,0.0
1330,Timor-Leste,2018,0.0,0.0,1773683.0,323616.0,0.0,1773683.0,323616.0,1773683.0,0.0
1331,Timor-Leste,2019,461356.0,0.0,2695614.0,142044.0,0.0,3156970.0,142044.0,3156970.0,0.0
1332,Timor-Leste,2020,544185.0,0.0,1195522.0,370734.0,0.0,1739707.0,370734.0,1739707.0,0.0
1333,Timor-Leste,2021,,,2972238.0,627783.0,,2972238.0,627783.0,2972238.0,0.0
1334,Timor-Leste,2022,,,2868669.0,575769.0,,2868669.0,575769.0,2868669.0,0.0
1335,Timor-Leste,2023,,,2960315.0,358309.0,,2960315.0,358309.0,2960315.0,0.0
1336,Timor-Leste,2024,,,2443205.0,104413.0,,2443205.0,104413.0,2443205.0,0.0
1337,Togo,2018,222404.0,0.0,491735.0,124355.0,82176.0,796315.0,124355.0,796315.0,0.0
1338,Togo,2019,178719.0,0.0,167871.0,269406.0,884290.0,1230880.0,269406.0,1230880.0,0.0
1339,Togo,2020,221034.0,0.0,256128.0,137286.0,416484.0,893646.0,137286.0,893646.0,0.0
1340,Togo,2021,822037.0,0.0,552553.0,511301.0,3243.0,1377833.0,511301.0,1378515.0,682.0
1341,Togo,2022,281522.0,0.0,1306794.0,891286.0,28519.0,1616835.0,1069544.0,1996676.0,379841.0
1342,Togo,2023,248541.0,0.0,669242.0,301017.0,649772.0,1567555.0,367010.0,1720933.0,153378.0
1343,Togo,2024,621177.0,0.0,992845.0,418383.0,24702.0,1638724.0,418383.0,1638724.0,0.0
1344,Tokelau,2018,,,,,,,,0.0,
1347,Tokelau,2021,,,,,,,,0.0,
1350,Tokelau,2024,,,,,,,,0.0,
1351,Tonga,2018,,,,,,,,207875.0,
1352,Tonga,2019,,,,,,,,207875.0,
1353,Tonga,2020,,,,,,,,305000.0,
1355,Tonga,2022,,,,,,,,70000.0,
1356,Tonga,2023,,,,,,,,75084.0,
1357,Tonga,2024,,,,,,,,82386.0,
1365,Tunisia,2018,1451600.0,0.0,0.0,242000.0,0.0,1451600.0,242000.0,1537600.0,86000.0
1366,Tunisia,2019,1674000.0,0.0,0.0,300000.0,0.0,1674000.0,300000.0,1674000.0,0.0
1368,Tunisia,2021,992000.0,0.0,0.0,185000.0,0.0,992000.0,185000.0,992000.0,0.0
1369,Tunisia,2022,1099500.0,,,200000.0,,1099500.0,200000.0,1099500.0,0.0
1370,Tunisia,2023,1375000.0,0.0,0.0,250000.0,0.0,1375000.0,250000.0,1375000.0,0.0
1371,Tunisia,2024,1755200.0,0.0,0.0,300000.0,0.0,1755200.0,300000.0,1755200.0,0.0
1390,Turks and Caicos Islands,2022,,,,,,,,30000.0,
1392,Turks and Caicos Islands,2024,,,,,,,,6000.0,
1394,Tuvalu,2019,,,,,,,,78140.0,
1398,Tuvalu,2023,,,,,,,,13784.0,
1399,Tuvalu,2024,,,,,,,,52463.0,
1400,Uganda,2018,30000.0,5000000.0,5226398.0,1321467.0,450370.0,10706768.0,4321467.0,16885675.0,6178907.0
1401,Uganda,2019,1908108.0,10000000.0,10376166.0,6707734.0,504601.0,22788875.0,11426295.0,37076934.0,14288059.0
1402,Uganda,2020,1908108.0,10000000.0,10000000.0,8815288.0,3781049.0,25689157.0,11426295.0,39575943.0,13886786.0
1403,Uganda,2021,4000000.0,10200000.0,9700000.0,7820288.0,5985992.0,29885992.0,10426290.0,44686940.0,14800948.0
1404,Uganda,2022,4000000.0,11000000.0,10000000.0,7815288.0,5985992.0,30985992.0,11426295.0,46680031.0,15694039.0
1405,Uganda,2023,4000000.0,11000000.0,10000000.0,7815288.0,5985992.0,30985992.0,11426295.0,49638700.0,18652708.0
1406,Uganda,2024,6052000.0,9250000.0,13436978.0,11076939.0,6000000.0,34738978.0,11426295.0,47360176.0,12621198.0
1407,Ukraine,2018,23459844.0,,12714413.0,5357827.0,,36174257.0,5357827.0,36174257.0,0.0
1408,Ukraine,2019,46958677.0,,7240183.0,6284684.0,,54198860.0,6284684.0,60342684.0,6143824.0
1409,Ukraine,2020,60168525.0,581500.0,14232058.0,5030465.0,0.0,74982083.0,5030465.0,147710296.0,72728213.0
1410,Ukraine,2021,65706167.0,6804000.0,40611201.0,10033677.0,0.0,113121368.0,10077913.0,133124063.0,20002695.0
1411,Ukraine,2022,113828000.0,420000.0,27876000.0,5003000.0,0.0,142124000.0,5221000.0,158267000.0,16143000.0
1412,Ukraine,2023,38064864.0,9000000.0,37717412.0,8021762.0,794629.0,85576905.0,8021762.0,105477752.0,19900847.0
1413,Ukraine,2024,49422444.0,10900000.0,25821458.0,4782702.0,0.0,86143902.0,4800976.0,90329800.0,4185898.0
1428,United Republic of Tanzania,2018,1766642.0,12275953.0,16091737.0,3360616.0,750000.0,30884332.0,23063598.0,63941067.0,33056735.0
1429,United Republic of Tanzania,2019,2357684.0,3697865.0,10577886.0,2138195.0,837503.0,17470938.0,23063593.0,61928625.0,44457687.0
1430,United Republic of Tanzania,2020,12208599.0,15813613.0,11268848.0,1631454.0,1796660.0,41087720.0,15279200.0,76063488.0,34975768.0
1431,United Republic of Tanzania,2021,11842341.0,7980000.0,12930276.0,3739320.0,500000.0,33252617.0,10549672.0,53388379.0,20135762.0
1432,United Republic of Tanzania,2022,4197284.0,8000000.0,15030195.0,4397569.0,4578298.0,31805777.0,9060130.0,48641029.0,16835252.0
1433,United Republic of Tanzania,2023,8907034.0,8000000.0,20694436.0,7535458.0,6773899.0,44375369.0,9391421.0,61821552.0,17446183.0
1434,United Republic of Tanzania,2024,8907034.0,8000000.0,22590615.0,7606505.0,9713726.0,49211375.0,9027708.0,71163709.0,21952334.0
1435,United States of America,2018,,,,,,,,135034000.0,
1436,United States of America,2019,,,,,,,,135034000.0,
1437,United States of America,2020,,,,,,,,135034000.0,
1438,United States of America,2021,,,,,,,,135034000.0,
1439,United States of America,2022,,,,,,,,135034000.0,
1440,United States of America,2023,,,,,,,,137034000.0,
1441,United States of America,2024,,,,,,,,137034000.0,
1442,Uruguay,2018,4695350.0,,,227614.0,,4695350.0,227614.0,4695350.0,0.0
1443,Uruguay,2019,5069100.0,0.0,0.0,245732.0,0.0,5069100.0,245732.0,5069100.0,0.0
1444,Uruguay,2020,5509982.0,0.0,0.0,267332.0,0.0,5509982.0,267332.0,5509982.0,0.0
1445,Uruguay,2021,,,,,,,,4253647.0,
1446,Uruguay,2022,,,,,,,,4112547.0,
1447,Uruguay,2023,,,,,,,,5149739.0,
1448,Uruguay,2024,,,,,,,,5263840.0,
1449,Uzbekistan,2018,,910319.0,9845430.0,1471080.0,291954.0,11047703.0,1471080.0,11047703.0,0.0
1456,Vanuatu,2018,114293.0,0.0,180000.0,2000.0,20000.0,314293.0,2000.0,314293.0,0.0
1457,Vanuatu,2019,219869.0,0.0,155031.0,2000.0,32361.0,407261.0,2000.0,407261.0,0.0
1458,Vanuatu,2020,10576.0,,90326.0,2000.0,216391.0,317293.0,2000.0,317293.0,0.0
1459,Vanuatu,2021,195605.0,,204258.0,0.0,127846.0,527709.0,0.0,527709.0,0.0
1460,Vanuatu,2022,129.0,,272.0,50.0,213.0,614.0,50.0,614.0,0.0
1461,Vanuatu,2023,2500.0,,360000.0,60000.0,40000.0,402500.0,100000.0,887000.0,484500.0
1462,Vanuatu,2024,2000.0,0.0,176500.0,7300.0,0.0,178500.0,10000.0,360000.0,181500.0
1463,Venezuela (Bolivarian Republic of),2018,394777.0,0.0,0.0,0.0,0.0,394777.0,1350000.0,2850777.0,2456000.0
1464,Venezuela (Bolivarian Republic of),2019,559537.0,0.0,0.0,0.0,0.0,559537.0,1007788.0,2673325.0,2113788.0
1465,Venezuela (Bolivarian Republic of),2020,136800.0,0.0,1707628.0,885088.0,85720.0,1930148.0,2300000.0,4379860.0,2449712.0
1466,Venezuela (Bolivarian Republic of),2021,189046.0,0.0,810701.0,395204.0,20000.0,1019747.0,1233277.0,2697820.0,1678073.0
1467,Venezuela (Bolivarian Republic of),2022,713376.0,0.0,1165328.0,719327.0,351149.0,2229853.0,719327.0,2479853.0,250000.0
1468,Venezuela (Bolivarian Republic of),2023,711200.0,0.0,1217580.0,260820.0,0.0,1928780.0,379820.0,2137780.0,209000.0
1469,Venezuela (Bolivarian Republic of),2024,823500.0,0.0,454276.0,214190.0,348534.0,1626310.0,380000.0,2037375.0,411065.0
1470,Viet Nam,2018,7917308.0,,17006869.0,1877007.0,2443092.0,27367269.0,6942607.0,69798158.0,42430889.0
1471,Viet Nam,2019,9803896.0,,15514867.0,1057000.0,1619840.0,26938603.0,6942607.0,71734151.0,44795548.0
1472,Viet Nam,2020,4851064.0,550000.0,16897036.0,924053.0,1758304.0,24056404.0,8642607.0,70541156.0,46484752.0
1473,Viet Nam,2021,4972638.0,883594.0,26813654.0,5985031.0,982002.0,33651888.0,31014669.0,132975703.0,99323815.0
1474,Viet Nam,2022,5560000.0,,23928960.0,3573911.0,951542.0,30440502.0,31415196.0,136717613.0,106277111.0
1475,Viet Nam,2023,86957.0,330000.0,40564352.0,4930027.0,971248.0,41952557.0,31772075.0,149731394.0,107778837.0
1476,Viet Nam,2024,8723528.0,876671.0,19146966.0,1612416.0,537567.0,29284732.0,34949283.0,170647058.0,141362326.0
1479,Wallis and Futuna,2020,,,,,,,,500.0,
1484,Yemen,2018,34400.0,,1992569.0,170000.0,,2026969.0,885434.0,6491272.0,4464303.0
1485,Yemen,2019,292060.0,0.0,881163.0,201125.0,80000.0,1253223.0,275207.0,4250317.0,2997094.0
1486,Yemen,2020,69430.0,0.0,1377506.0,187682.0,0.0,1446936.0,429545.0,4083594.0,2636658.0
1487,Yemen,2021,69090.0,0.0,1651986.0,187682.0,0.0,1721076.0,429545.0,3976243.0,2255167.0
1488,Yemen,2022,69090.0,0.0,1949248.0,673531.0,0.0,2018338.0,673531.0,3818147.0,1799809.0
1489,Yemen,2023,14545.0,0.0,1827816.0,547180.0,0.0,1842361.0,1164450.0,3686999.0,1844638.0
1490,Yemen,2024,14545.0,0.0,1779190.0,547180.0,0.0,1793735.0,1709415.0,5944941.0,4151206.0
1491,Zambia,2018,10612996.0,7000000.0,9044576.0,12124861.0,3612096.0,30269668.0,15624861.0,37757572.0,7487904.0
1492,Zambia,2019,9000000.0,4905459.0,5475748.0,6464317.0,3000000.0,22381207.0,8624861.0,31038850.0,8657643.0
1493,Zambia,2020,10583901.0,5905459.0,22119535.0,6464317.0,3500000.0,42108895.0,8624861.0,49040750.0,6931855.0
1494,Zambia,2021,11750000.0,9644873.0,9409575.0,4000000.0,530000.0,31334448.0,5464317.0,37755340.0,6420892.0
1495,Zambia,2022,15551080.0,10814907.0,10095759.0,4000000.0,743816.0,37205562.0,4464317.0,42978955.0,5773393.0
1496,Zambia,2023,10103231.0,10500368.0,10903874.0,4500000.0,807284.0,32314757.0,5464317.0,34979074.0,2664317.0
1497,Zambia,2024,9993522.0,8400000.0,10303874.0,4500000.0,1612284.0,30309680.0,5464317.0,33623997.0,3314317.0
1498,Zimbabwe,2018,,5600000.0,7203690.0,2042674.0,,12803690.0,2940555.0,29583804.0,16780114.0
1499,Zimbabwe,2019,143204.0,4048457.0,8517038.0,3085333.0,80000.0,12788699.0,3444798.0,41313083.0,28524384.0
1500,Zimbabwe,2020,247705.0,1870556.0,8300758.0,2541507.0,337233.0,10756252.0,3058011.0,31504677.0,20748425.0
1501,Zimbabwe,2021,2096683.0,3284585.0,9803368.0,2401506.0,911965.0,16096601.0,6529001.0,32126351.0,16029750.0
1502,Zimbabwe,2022,1000000.0,3058830.0,9487457.0,1800050.0,1301355.0,14847642.0,3557975.0,22656137.0,7808495.0
1503,Zimbabwe,2023,1000000.0,9378910.0,5774773.0,3644102.0,,16153683.0,4840102.0,17359487.0,1205804.0
1504,Zimbabwe,2024,1000000.0,1937554.0,10241036.0,1600057.0,,13178590.0,25072529.0,57500712.0,44322122.0
